tx_id,sender_account,receiver_account,amount,timestamp,device_id,ip_address,lat,long
TXN_B_2626,ACC_2002,DIST_221,2907.17,2025-12-01 15:02:15,a4d8e3,172.16.8.12,28.608112466068807,77.15637440767257
TXN_B_2135,ACC_2002,SUPP_145,7064.83,2025-12-01 18:41:08,a4d8e3,115.112.4.88,28.607932400854335,77.27475801230803
TXN_B_2549,ACC_2002,SUPP_103,4098.1,2025-12-01 18:48:05,e5f2g7,103.21.52.1,28.538285544147026,77.1139078146742
TXN_B_2155,ACC_2002,DIST_200,2627.18,2025-12-01 19:14:29,a4d8e3,103.21.52.1,28.677197923828903,77.2655867913894
TXN_B_2281,ACC_2002,SUPP_134,3856.06,2025-12-01 19:28:46,a4d8e3,103.21.52.1,28.5938498661884,77.1218412037147
TXN_B_2464,ACC_2002,SUPP_113,564.59,2025-12-01 22:20:33,e5f2g7,103.21.52.1,28.583598225615724,77.15312813341768
TXN_B_2344,ACC_2002,SUPP_131,4725.72,2025-12-01 22:51:04,f2b9c1,103.21.52.1,28.556886707367454,77.17971417862648
TXN_N_1049,ACC_1001,REC_5002,246.18,2025-12-01 23:10:11,d7a8e2,192.168.1.15,19.069579928439897,72.88321206092283
TXN_B_2169,ACC_2002,SUPP_137,2307.5,2025-12-02 01:17:10,f2b9c1,172.16.8.12,28.534999972105876,77.26418192483644
TXN_B_2454,ACC_2002,SUPP_142,3703.08,2025-12-02 02:40:29,f2b9c1,103.21.52.1,28.62025618444111,77.1248352572395
TXN_B_2513,ACC_2002,DIST_230,511.54,2025-12-02 06:31:26,a4d8e3,103.21.52.1,28.67857161750305,77.22097533181856
TXN_B_2013,ACC_2002,DIST_237,2032.03,2025-12-02 06:37:56,f2b9c1,103.21.52.1,28.706000067621325,77.22221318293656
TXN_B_2249,ACC_2002,SUPP_106,9374.38,2025-12-02 10:52:12,e5f2g7,172.16.8.12,28.664612035569807,77.1339710414174
TXN_B_2056,ACC_2002,DIST_248,14730.15,2025-12-02 11:00:24,e5f2g7,103.21.52.1,28.641908264469194,77.26455448876709
TXN_B_2243,ACC_2002,DIST_249,4427.86,2025-12-02 12:30:20,a4d8e3,115.112.4.88,28.61992378807634,77.27681174129644
TXN_B_2181,ACC_2002,DIST_215,3167.83,2025-12-02 12:42:39,a4d8e3,115.112.4.88,28.5388990055134,77.2386734248836
TXN_B_2295,ACC_2002,SUPP_127,946.12,2025-12-02 19:00:01,f2b9c1,103.21.52.1,28.709373042664716,77.11385271819387
TXN_B_2048,ACC_2002,DIST_204,1310.27,2025-12-02 19:45:24,f2b9c1,103.21.52.1,28.69344965506836,77.19920085292446
TXN_B_2629,ACC_2002,DIST_225,3520.58,2025-12-03 03:18:18,e5f2g7,115.112.4.88,28.606795855951702,77.185491662172
TXN_B_2495,ACC_2002,SUPP_133,10530.44,2025-12-03 09:07:11,f2b9c1,115.112.4.88,28.711035436369624,77.18144414760792
TXN_B_2228,ACC_2002,DIST_201,4487.55,2025-12-03 12:08:18,a4d8e3,115.112.4.88,28.680572928391495,77.22366043088209
TXN_B_2405,ACC_2002,DIST_227,4094.97,2025-12-03 12:21:24,a4d8e3,115.112.4.88,28.625804221873384,77.29880267593134
TXN_B_2189,ACC_2002,DIST_227,506.88,2025-12-03 14:15:47,a4d8e3,115.112.4.88,28.539416934178433,77.16338408676927
TXN_B_2015,ACC_2002,SUPP_145,7049.27,2025-12-03 15:51:43,a4d8e3,103.21.52.1,28.57467679375551,77.17980054634246
TXN_B_2547,ACC_2002,SUPP_100,583.04,2025-12-03 18:30:04,e5f2g7,172.16.8.12,28.528527025412835,77.1524230047883
TXN_B_2630,ACC_2002,SUPP_108,3167.24,2025-12-03 19:44:52,a4d8e3,103.21.52.1,28.603421105337823,77.1781086918789
TXN_B_2280,ACC_2002,DIST_235,1083.27,2025-12-03 19:51:37,a4d8e3,115.112.4.88,28.60761423317429,77.22176290179283
TXN_N_1010,ACC_1001,REC_5002,33.41,2025-12-03 20:09:28,d7a8e2,192.168.1.15,19.068646240195598,72.88388165897629
TXN_B_2060,ACC_2002,SUPP_114,3689.88,2025-12-03 21:14:28,e5f2g7,103.21.52.1,28.616456953014783,77.2064770109236
TXN_B_2168,ACC_2002,DIST_217,1951.41,2025-12-03 21:29:24,a4d8e3,103.21.52.1,28.673053307134072,77.14394875570157
TXN_B_2063,ACC_2002,SUPP_138,780.61,2025-12-04 02:04:33,e5f2g7,172.16.8.12,28.684204131706664,77.23163308328643
TXN_B_2498,ACC_2002,DIST_229,610.83,2025-12-04 02:07:17,f2b9c1,103.21.52.1,28.5852392933975,77.21331715080635
TXN_B_2302,ACC_2002,SUPP_115,6979.27,2025-12-04 03:52:51,f2b9c1,115.112.4.88,28.675507927562858,77.16747630130203
TXN_B_2069,ACC_2002,DIST_207,7218.45,2025-12-04 06:21:02,a4d8e3,172.16.8.12,28.55085243521992,77.19013069718527
TXN_B_2058,ACC_2002,DIST_201,1070.2,2025-12-04 11:56:14,a4d8e3,172.16.8.12,28.55951482566501,77.27260476326752
TXN_B_2062,ACC_2002,SUPP_132,4096.74,2025-12-04 12:12:59,a4d8e3,103.21.52.1,28.54438384644964,77.30134683262027
TXN_B_2261,ACC_2002,DIST_229,2138.0,2025-12-04 14:38:47,a4d8e3,115.112.4.88,28.70075053980224,77.12753287506686
TXN_B_2186,ACC_2002,SUPP_118,1484.8,2025-12-04 15:05:07,e5f2g7,172.16.8.12,28.594527650317417,77.22113703476663
TXN_B_2587,ACC_2002,SUPP_139,4383.83,2025-12-04 18:38:02,e5f2g7,115.112.4.88,28.611480447876158,77.13236555923739
TXN_B_2622,ACC_2002,SUPP_132,3627.36,2025-12-04 19:14:10,a4d8e3,103.21.52.1,28.690665187680917,77.27498025221779
TXN_B_2439,ACC_2002,SUPP_105,3058.2,2025-12-04 20:14:18,e5f2g7,103.21.52.1,28.560546161129977,77.2259667807369
TXN_B_2011,ACC_2002,SUPP_127,3329.49,2025-12-04 21:08:11,f2b9c1,172.16.8.12,28.67365640881448,77.29367115867464
TXN_B_2644,ACC_2002,DIST_205,918.96,2025-12-05 05:00:30,a4d8e3,103.21.52.1,28.656181449681146,77.19588257176747
TXN_B_2402,ACC_2002,DIST_232,4866.69,2025-12-05 06:41:01,a4d8e3,172.16.8.12,28.681432783349383,77.15719139802098
TXN_B_2065,ACC_2002,SUPP_142,3343.63,2025-12-05 10:19:09,a4d8e3,115.112.4.88,28.68302941637136,77.23842366739015
TXN_B_2320,ACC_2002,DIST_210,1556.2,2025-12-05 15:30:55,a4d8e3,115.112.4.88,28.578964432155352,77.15786441915749
TXN_B_2499,ACC_2002,SUPP_140,4196.7,2025-12-05 16:40:58,a4d8e3,172.16.8.12,28.516573718958945,77.25734667415628
TXN_B_2268,ACC_2002,SUPP_136,2452.0,2025-12-05 16:46:24,f2b9c1,172.16.8.12,28.551473249097178,77.1463112688751
TXN_B_2538,ACC_2002,DIST_220,4585.27,2025-12-05 18:27:23,a4d8e3,115.112.4.88,28.615885790922956,77.15601369891944
TXN_B_2172,ACC_2002,SUPP_136,517.53,2025-12-05 21:17:01,a4d8e3,115.112.4.88,28.57695207998384,77.21517841136476
TXN_B_2452,ACC_2002,DIST_214,2686.33,2025-12-05 22:15:11,a4d8e3,115.112.4.88,28.526710660448668,77.28381321503407
TXN_B_2214,ACC_2002,SUPP_138,811.45,2025-12-05 22:45:42,e5f2g7,172.16.8.12,28.62364106618211,77.25409871212405
TXN_B_2022,ACC_2002,DIST_225,1570.85,2025-12-06 04:09:17,a4d8e3,103.21.52.1,28.71351092004895,77.18398830619539
TXN_B_2335,ACC_2002,SUPP_121,3592.57,2025-12-06 04:33:30,a4d8e3,172.16.8.12,28.676533285206197,77.25785743882886
TXN_B_2639,ACC_2002,SUPP_113,2874.72,2025-12-06 06:31:30,f2b9c1,115.112.4.88,28.707090523008237,77.2799876258286
TXN_B_2333,ACC_2002,SUPP_104,3331.62,2025-12-06 07:39:15,a4d8e3,115.112.4.88,28.576411598205443,77.12617303327846
TXN_B_2064,ACC_2002,SUPP_110,977.32,2025-12-06 09:58:38,e5f2g7,115.112.4.88,28.523792590436038,77.27249858413637
TXN_B_2326,ACC_2002,SUPP_118,3165.16,2025-12-06 10:22:28,e5f2g7,103.21.52.1,28.687521203643325,77.16225541805518
TXN_B_2614,ACC_2002,DIST_220,4437.96,2025-12-06 12:11:57,a4d8e3,172.16.8.12,28.594120258864343,77.1691916809149
TXN_B_2478,ACC_2002,DIST_243,1723.2,2025-12-06 13:01:01,a4d8e3,115.112.4.88,28.552417538839258,77.23400871328631
TXN_B_2245,ACC_2002,DIST_226,4383.11,2025-12-06 15:31:34,a4d8e3,103.21.52.1,28.670152508058653,77.26411551339541
TXN_B_2092,ACC_2002,DIST_214,10084.09,2025-12-06 15:35:45,a4d8e3,103.21.52.1,28.639319898295774,77.26397619985917
TXN_B_2234,ACC_2002,DIST_204,3810.79,2025-12-06 20:56:51,f2b9c1,172.16.8.12,28.657018469433492,77.22058315698341
TXN_B_2224,ACC_2002,SUPP_144,2352.59,2025-12-06 21:29:28,f2b9c1,115.112.4.88,28.61037910008089,77.13733936685193
TXN_B_2484,ACC_2002,SUPP_149,878.81,2025-12-07 01:26:02,e5f2g7,103.21.52.1,28.563968077105287,77.13317416396421
TXN_B_2588,ACC_2002,DIST_246,3575.8,2025-12-07 03:35:58,a4d8e3,103.21.52.1,28.576496138885393,77.1683308518358
TXN_B_2111,ACC_2002,SUPP_125,3538.08,2025-12-07 06:00:20,a4d8e3,103.21.52.1,28.548628437070374,77.13281277168079
TXN_B_2418,ACC_2002,DIST_229,3288.88,2025-12-07 06:35:16,f2b9c1,103.21.52.1,28.704834493971507,77.22647228736733
TXN_B_2107,ACC_2002,SUPP_117,14402.15,2025-12-07 06:57:23,f2b9c1,103.21.52.1,28.686766865257265,77.21520609762473
TXN_B_2008,ACC_2002,SUPP_148,4931.91,2025-12-07 07:48:03,e5f2g7,103.21.52.1,28.62475314029511,77.22384344865635
TXN_B_2394,ACC_2002,DIST_201,1902.04,2025-12-07 09:25:21,a4d8e3,103.21.52.1,28.629693151825382,77.29773402370792
TXN_B_2568,ACC_2002,SUPP_122,548.64,2025-12-07 09:50:45,a4d8e3,115.112.4.88,28.58470142506304,77.15591529291801
TXN_B_2180,ACC_2002,SUPP_113,609.96,2025-12-07 10:43:57,f2b9c1,115.112.4.88,28.63273113184428,77.30326938655497
TXN_B_2282,ACC_2002,DIST_217,4048.57,2025-12-07 11:29:30,e5f2g7,172.16.8.12,28.54444206999101,77.26966335101852
TXN_B_2321,ACC_2002,SUPP_111,2405.06,2025-12-07 12:02:46,a4d8e3,172.16.8.12,28.519988957500075,77.15949445665295
TXN_B_2264,ACC_2002,SUPP_107,1665.61,2025-12-07 13:08:32,a4d8e3,172.16.8.12,28.644945622550026,77.25432745431121
TXN_B_2603,ACC_2002,DIST_200,2878.09,2025-12-07 15:39:22,a4d8e3,115.112.4.88,28.580300954725683,77.2742000323831
TXN_B_2334,ACC_2002,DIST_220,1218.88,2025-12-07 17:09:58,a4d8e3,103.21.52.1,28.702615910936284,77.17048745989756
TXN_B_2178,ACC_2002,SUPP_106,12491.74,2025-12-07 17:16:09,e5f2g7,172.16.8.12,28.603695472735257,77.1104945939213
TXN_B_2027,ACC_2002,SUPP_106,3661.28,2025-12-07 18:05:13,f2b9c1,172.16.8.12,28.661074432853724,77.19518272812965
TXN_B_2004,ACC_2002,SUPP_117,3578.58,2025-12-07 20:21:18,a4d8e3,103.21.52.1,28.586847176792542,77.19594497123265
TXN_B_2348,ACC_2002,DIST_225,508.04,2025-12-07 22:14:09,f2b9c1,172.16.8.12,28.60647252579451,77.26457279156642
TXN_B_2564,ACC_2002,SUPP_138,2706.96,2025-12-07 22:27:23,e5f2g7,103.21.52.1,28.709180242347202,77.22188328853154
TXN_B_2596,ACC_2002,SUPP_103,1451.92,2025-12-07 23:33:19,f2b9c1,172.16.8.12,28.69144624520625,77.17794672644337
TXN_B_2239,ACC_2002,SUPP_147,3787.16,2025-12-08 01:54:49,a4d8e3,172.16.8.12,28.644071541069348,77.15331922030167
TXN_B_2033,ACC_2002,DIST_246,1378.69,2025-12-08 04:01:57,e5f2g7,115.112.4.88,28.53295953495043,77.19975296342737
TXN_B_2253,ACC_2002,DIST_246,5177.89,2025-12-08 04:16:17,f2b9c1,103.21.52.1,28.622351877133774,77.15567990856029
TXN_B_2113,ACC_2002,DIST_248,1910.88,2025-12-08 05:31:52,f2b9c1,172.16.8.12,28.675802472022596,77.22072269130486
TXN_B_2532,ACC_2002,DIST_209,3735.67,2025-12-08 08:22:34,f2b9c1,115.112.4.88,28.525056295297627,77.29379352108704
TXN_B_2376,ACC_2002,SUPP_127,4874.03,2025-12-08 08:46:15,f2b9c1,115.112.4.88,28.518574500303878,77.25775104476266
TXN_N_1025,ACC_1001,REC_5002,203.52,2025-12-08 09:23:00,d7a8e2,192.168.1.15,19.066967624176574,72.88604521860836
TXN_B_2470,ACC_2002,DIST_213,4657.65,2025-12-08 11:46:38,f2b9c1,172.16.8.12,28.68044902948285,77.15032237480473
TXN_B_2068,ACC_2002,SUPP_113,4331.47,2025-12-08 12:01:40,a4d8e3,115.112.4.88,28.679080433639506,77.29662564814049
TXN_B_2390,ACC_2002,SUPP_104,1396.87,2025-12-08 12:49:23,a4d8e3,115.112.4.88,28.708482992437748,77.27878859419909
TXN_B_2505,ACC_2002,SUPP_121,2409.8,2025-12-08 14:53:22,f2b9c1,172.16.8.12,28.534588243332244,77.258881586308
TXN_B_2041,ACC_2002,DIST_246,1913.47,2025-12-08 16:38:14,a4d8e3,115.112.4.88,28.664303321975282,77.26552324641386
TXN_B_2195,ACC_2002,DIST_211,3626.59,2025-12-09 00:46:58,f2b9c1,172.16.8.12,28.562523121374916,77.18431222264199
TXN_B_2127,ACC_2002,SUPP_129,13050.69,2025-12-09 06:37:14,f2b9c1,115.112.4.88,28.64929334524399,77.2654477527796
TXN_N_1041,ACC_1001,REC_5003,206.96,2025-12-09 08:25:19,d7a8e2,192.168.1.15,19.072222757342768,72.87060525628634
TXN_B_2232,ACC_2002,DIST_211,4172.8,2025-12-09 09:22:10,e5f2g7,115.112.4.88,28.632893977565722,77.24170836855922
TXN_B_2497,ACC_2002,DIST_239,1512.49,2025-12-09 11:32:20,f2b9c1,115.112.4.88,28.52360757841527,77.15377372532828
TXN_B_2489,ACC_2002,SUPP_130,2690.95,2025-12-09 14:26:50,e5f2g7,103.21.52.1,28.658034213166378,77.24720804215038
TXN_B_2353,ACC_2002,DIST_230,3368.74,2025-12-09 15:12:12,e5f2g7,115.112.4.88,28.59346351611943,77.15023121674099
TXN_B_2289,ACC_2002,SUPP_143,4020.33,2025-12-09 15:20:04,e5f2g7,103.21.52.1,28.70283022103771,77.30148239325739
TXN_N_1045,ACC_1001,REC_5003,199.69,2025-12-09 18:48:39,d7a8e2,192.168.1.15,19.075077088176695,72.87456469613038
TXN_B_2129,ACC_2002,DIST_207,4241.54,2025-12-09 20:38:09,f2b9c1,172.16.8.12,28.638305688515466,77.21556265899785
TXN_B_2632,ACC_2002,SUPP_111,5462.24,2025-12-10 01:55:44,e5f2g7,172.16.8.12,28.6258769988876,77.11262652701332
TXN_N_1017,ACC_1001,REC_5002,178.81,2025-12-10 09:25:05,d7a8e2,192.168.1.15,19.07694244135038,72.88193500845371
TXN_B_2481,ACC_2002,DIST_217,3429.65,2025-12-10 09:32:25,a4d8e3,115.112.4.88,28.646730617139934,77.14985228496718
TXN_N_1040,ACC_1001,REC_5002,103.21,2025-12-10 09:32:43,d7a8e2,192.168.1.15,19.08407873025125,72.88729532134884
TXN_B_2619,ACC_2002,SUPP_139,4945.6,2025-12-10 10:20:19,a4d8e3,115.112.4.88,28.591852831260983,77.20200906616857
TXN_N_1048,ACC_1001,REC_5002,77.79,2025-12-10 14:08:37,d7a8e2,192.168.1.15,19.078520058581056,72.88336625337044
TXN_B_2128,ACC_2002,DIST_221,14173.67,2025-12-10 18:07:07,a4d8e3,172.16.8.12,28.702058077330204,77.24252517213061
TXN_B_2037,ACC_2002,SUPP_125,6331.81,2025-12-10 19:40:23,a4d8e3,103.21.52.1,28.627705548893868,77.1176946952842
TXN_B_2072,ACC_2002,DIST_246,656.87,2025-12-10 19:54:49,e5f2g7,103.21.52.1,28.697272404542367,77.24699595417471
TXN_B_2208,ACC_2002,DIST_248,750.24,2025-12-10 20:14:38,a4d8e3,115.112.4.88,28.580143866422958,77.13524748852997
TXN_B_2567,ACC_2002,DIST_213,3631.74,2025-12-10 22:36:43,a4d8e3,172.16.8.12,28.592705216062672,77.20335523214479
TXN_B_2057,ACC_2002,DIST_210,3134.34,2025-12-10 22:58:00,e5f2g7,115.112.4.88,28.545311654487012,77.3053354402731
TXN_B_2272,ACC_2002,DIST_206,3301.05,2025-12-10 23:40:57,a4d8e3,115.112.4.88,28.626147331054504,77.28440807450214
TXN_B_2421,ACC_2002,DIST_206,3797.76,2025-12-11 01:32:47,a4d8e3,115.112.4.88,28.530390762612157,77.28983826016741
TXN_B_2396,ACC_2002,DIST_225,1114.63,2025-12-11 03:57:15,f2b9c1,172.16.8.12,28.711199420669995,77.18117362820456
TXN_B_2570,ACC_2002,DIST_215,4484.88,2025-12-11 04:40:35,a4d8e3,115.112.4.88,28.578953086857698,77.13256700120877
TXN_B_2262,ACC_2002,SUPP_125,893.64,2025-12-11 10:17:20,f2b9c1,172.16.8.12,28.57651863366573,77.30135173628085
TXN_B_2440,ACC_2002,SUPP_134,9314.83,2025-12-11 10:20:04,e5f2g7,115.112.4.88,28.54776524865294,77.23100516546211
TXN_B_2599,ACC_2002,DIST_246,1113.75,2025-12-11 12:20:18,e5f2g7,115.112.4.88,28.682633019336507,77.18715072428199
TXN_B_2461,ACC_2002,SUPP_111,10249.5,2025-12-11 12:38:50,f2b9c1,103.21.52.1,28.659354757832485,77.25680898430502
TXN_B_2093,ACC_2002,DIST_213,4344.43,2025-12-11 14:34:24,a4d8e3,172.16.8.12,28.521351995988894,77.18595160256157
TXN_B_2450,ACC_2002,DIST_202,989.78,2025-12-11 15:30:46,f2b9c1,103.21.52.1,28.64923943101306,77.23482056947446
TXN_B_2371,ACC_2002,SUPP_114,647.82,2025-12-11 18:34:50,f2b9c1,172.16.8.12,28.677380526845177,77.13320743802824
TXN_B_2342,ACC_2002,SUPP_101,4577.38,2025-12-11 19:33:14,a4d8e3,103.21.52.1,28.60500403215539,77.26523493821573
TXN_B_2071,ACC_2002,DIST_228,3557.56,2025-12-11 21:57:36,f2b9c1,103.21.52.1,28.549614941522588,77.13818395377102
TXN_B_2336,ACC_2002,SUPP_105,10050.76,2025-12-12 01:39:24,a4d8e3,172.16.8.12,28.617075289025564,77.11993097761335
TXN_B_2070,ACC_2002,DIST_237,3071.23,2025-12-12 06:10:24,a4d8e3,103.21.52.1,28.713274671714945,77.16310522999079
TXN_B_2035,ACC_2002,DIST_233,3926.03,2025-12-12 08:07:08,a4d8e3,115.112.4.88,28.693582890832047,77.19447288258955
TXN_B_2486,ACC_2002,SUPP_146,1716.13,2025-12-12 10:05:38,e5f2g7,172.16.8.12,28.57446375725771,77.23500023460444
TXN_N_1033,ACC_1001,REC_5002,78.98,2025-12-12 12:02:49,d7a8e2,192.168.1.15,19.07370278639402,72.87848640257316
TXN_N_1002,ACC_1001,REC_5001,152.36,2025-12-12 13:23:01,d7a8e2,192.168.1.15,19.067006672791138,72.88025248702269
TXN_B_2360,ACC_2002,SUPP_108,2845.81,2025-12-12 15:47:45,f2b9c1,103.21.52.1,28.568467831579607,77.18459460306644
TXN_B_2151,ACC_2002,SUPP_146,4847.88,2025-12-13 01:31:45,e5f2g7,172.16.8.12,28.551380036676555,77.1518496843464
TXN_B_2193,ACC_2002,SUPP_112,10695.86,2025-12-13 02:59:53,a4d8e3,103.21.52.1,28.666084457510824,77.28320280258924
TXN_B_2200,ACC_2002,SUPP_119,10023.64,2025-12-13 04:03:43,f2b9c1,115.112.4.88,28.572888540265474,77.21591226043144
TXN_N_1019,ACC_1001,REC_5002,244.32,2025-12-13 07:14:09,d7a8e2,192.168.1.15,19.074763891115982,72.87915985112006
TXN_B_2242,ACC_2002,SUPP_110,4902.53,2025-12-13 07:48:23,e5f2g7,103.21.52.1,28.70024927672962,77.2641341748495
TXN_B_2404,ACC_2002,DIST_244,1927.79,2025-12-13 07:57:14,f2b9c1,172.16.8.12,28.654434021257536,77.11408710758437
TXN_B_2329,ACC_2002,DIST_200,2860.59,2025-12-13 09:31:37,a4d8e3,115.112.4.88,28.524296625181133,77.1944993023386
TXN_B_2294,ACC_2002,SUPP_136,1856.61,2025-12-13 09:32:23,a4d8e3,172.16.8.12,28.516002345420222,77.14203993597182
TXN_B_2293,ACC_2002,SUPP_149,8108.94,2025-12-13 11:11:12,f2b9c1,115.112.4.88,28.61889971777258,77.17824858165733
TXN_B_2456,ACC_2002,SUPP_129,1717.21,2025-12-13 11:17:58,f2b9c1,103.21.52.1,28.653171152568458,77.19961703004074
TXN_B_2625,ACC_2002,SUPP_117,3266.44,2025-12-13 13:41:24,e5f2g7,103.21.52.1,28.674876479431404,77.29870801698158
TXN_B_2085,ACC_2002,DIST_225,3774.49,2025-12-13 16:09:21,f2b9c1,115.112.4.88,28.64812089968683,77.26034171455417
TXN_B_2308,ACC_2002,SUPP_109,1225.37,2025-12-13 16:24:36,a4d8e3,172.16.8.12,28.66062114736441,77.30703133613949
TXN_B_2635,ACC_2002,DIST_248,4017.38,2025-12-13 16:42:48,f2b9c1,172.16.8.12,28.59306132506222,77.12028311861728
TXN_B_2449,ACC_2002,SUPP_143,3757.9,2025-12-13 18:14:29,f2b9c1,103.21.52.1,28.53668279320668,77.13994045560518
TXN_B_2423,ACC_2002,SUPP_103,2922.79,2025-12-13 20:46:59,a4d8e3,172.16.8.12,28.706130651415723,77.11533820753746
TXN_B_2508,ACC_2002,SUPP_132,13910.62,2025-12-13 21:10:09,e5f2g7,103.21.52.1,28.576559006582396,77.14893782227783
TXN_B_2049,ACC_2002,DIST_217,521.57,2025-12-13 21:44:25,a4d8e3,115.112.4.88,28.598894176076804,77.14188487605877
TXN_B_2159,ACC_2002,DIST_212,1509.65,2025-12-13 23:22:08,e5f2g7,115.112.4.88,28.54866335251031,77.2106998079557
TXN_B_2061,ACC_2002,SUPP_137,742.61,2025-12-14 03:19:02,a4d8e3,115.112.4.88,28.652224471938652,77.19748539832092
TXN_B_2170,ACC_2002,DIST_210,2463.49,2025-12-14 06:41:46,a4d8e3,115.112.4.88,28.56798001066431,77.18426205334339
TXN_B_2534,ACC_2002,SUPP_107,2106.27,2025-12-14 10:16:24,e5f2g7,103.21.52.1,28.690840529871437,77.18787630753263
TXN_B_2415,ACC_2002,SUPP_122,2094.51,2025-12-14 10:35:51,e5f2g7,115.112.4.88,28.528182343242698,77.24826296626473
TXN_B_2412,ACC_2002,DIST_213,13421.21,2025-12-14 12:02:14,a4d8e3,172.16.8.12,28.579835692111764,77.29956212408354
TXN_B_2316,ACC_2002,DIST_221,2665.77,2025-12-14 13:05:34,f2b9c1,172.16.8.12,28.532818723885477,77.18692752313852
TXN_N_1032,ACC_1001,REC_5003,98.43,2025-12-14 14:32:16,d7a8e2,192.168.1.15,19.068576899389953,72.87399945772711
TXN_B_2036,ACC_2002,DIST_241,3279.42,2025-12-14 20:12:50,e5f2g7,103.21.52.1,28.70770202244833,77.22885259522825
TXN_B_2003,ACC_2002,DIST_201,2673.65,2025-12-15 00:11:46,f2b9c1,115.112.4.88,28.632555293495365,77.1553767981412
TXN_B_2102,ACC_2002,DIST_210,7808.93,2025-12-15 00:16:46,f2b9c1,172.16.8.12,28.600774560296465,77.26842220593896
TXN_B_2010,ACC_2002,DIST_214,1994.55,2025-12-15 06:25:48,a4d8e3,115.112.4.88,28.534922143252924,77.23549316108715
TXN_B_2397,ACC_2002,DIST_223,7281.71,2025-12-15 06:48:04,a4d8e3,115.112.4.88,28.516723599166408,77.23453300734015
TXN_B_2375,ACC_2002,SUPP_122,1474.81,2025-12-15 07:29:01,e5f2g7,103.21.52.1,28.533494485592175,77.17653872846934
TXN_B_2149,ACC_2002,DIST_249,13264.42,2025-12-15 07:41:33,e5f2g7,172.16.8.12,28.581452088774576,77.28954559843277
TXN_B_2174,ACC_2002,SUPP_120,1798.96,2025-12-15 10:13:29,f2b9c1,103.21.52.1,28.69904957271191,77.22262102208289
TXN_B_2389,ACC_2002,SUPP_126,4924.69,2025-12-15 12:29:46,e5f2g7,172.16.8.12,28.680265549495275,77.29780261800857
TXN_B_2502,ACC_2002,DIST_208,3797.83,2025-12-15 14:19:56,e5f2g7,172.16.8.12,28.686029081795137,77.28818522032196
TXN_B_2574,ACC_2002,SUPP_106,7233.31,2025-12-15 15:17:41,a4d8e3,103.21.52.1,28.558803858996523,77.24671369497797
TXN_B_2493,ACC_2002,DIST_224,5642.91,2025-12-15 17:52:17,f2b9c1,172.16.8.12,28.534514753346613,77.14351398562943
TXN_B_2511,ACC_2002,SUPP_131,3415.79,2025-12-15 23:42:18,f2b9c1,103.21.52.1,28.672799370632095,77.17701570589841
TXN_B_2483,ACC_2002,DIST_227,9334.49,2025-12-16 00:28:08,e5f2g7,172.16.8.12,28.546716840216956,77.18567156568722
TXN_B_2237,ACC_2002,DIST_222,11914.69,2025-12-16 04:26:14,e5f2g7,172.16.8.12,28.556750544819646,77.201371388634
TXN_B_2504,ACC_2002,DIST_225,3503.61,2025-12-16 06:04:50,f2b9c1,115.112.4.88,28.522284738865647,77.24594565953973
TXN_B_2143,ACC_2002,DIST_216,1062.72,2025-12-16 10:12:05,a4d8e3,103.21.52.1,28.678090506865054,77.22253162136317
TXN_B_2443,ACC_2002,DIST_237,4081.43,2025-12-16 17:41:35,a4d8e3,172.16.8.12,28.65262564863042,77.21014083755018
TXN_B_2379,ACC_2002,SUPP_128,3623.32,2025-12-16 18:04:57,a4d8e3,103.21.52.1,28.588029257325957,77.26284429681577
TXN_B_2187,ACC_2002,SUPP_124,3431.31,2025-12-16 18:54:07,a4d8e3,103.21.52.1,28.541805466547036,77.21964628220645
TXN_B_2246,ACC_2002,SUPP_100,3768.16,2025-12-16 21:31:56,e5f2g7,115.112.4.88,28.573603153394682,77.19356629212592
TXN_B_2583,ACC_2002,SUPP_140,4746.92,2025-12-17 00:51:25,a4d8e3,172.16.8.12,28.703841195249925,77.25962895831255
TXN_B_2213,ACC_2002,SUPP_141,1429.67,2025-12-17 01:14:55,f2b9c1,115.112.4.88,28.660786525936608,77.23135535842137
TXN_B_2132,ACC_2002,SUPP_105,2102.94,2025-12-17 02:20:09,f2b9c1,103.21.52.1,28.60426564129521,77.27941952118087
TXN_B_2609,ACC_2002,DIST_233,3990.38,2025-12-17 03:00:46,a4d8e3,103.21.52.1,28.638405662854925,77.18213432399786
TXN_B_2019,ACC_2002,SUPP_100,1500.15,2025-12-17 03:29:16,e5f2g7,115.112.4.88,28.60956526399735,77.24674394237398
TXN_B_2052,ACC_2002,DIST_203,3410.38,2025-12-17 04:54:56,a4d8e3,103.21.52.1,28.60992291122511,77.20901099790156
TXN_B_2301,ACC_2002,DIST_208,3988.18,2025-12-17 08:42:02,e5f2g7,103.21.52.1,28.552195665151366,77.28464315666092
TXN_B_2176,ACC_2002,DIST_239,3451.42,2025-12-17 09:35:35,f2b9c1,115.112.4.88,28.693959220852207,77.19131324716906
TXN_B_2235,ACC_2002,SUPP_130,5983.19,2025-12-17 09:37:34,f2b9c1,115.112.4.88,28.696002063548363,77.18200913539428
TXN_B_2624,ACC_2002,SUPP_128,3252.73,2025-12-17 10:58:38,f2b9c1,115.112.4.88,28.55251433060026,77.22956366446704
TXN_N_1015,ACC_1001,REC_5001,132.53,2025-12-17 15:16:44,d7a8e2,192.168.1.15,19.07856379245036,72.86828022886321
TXN_N_1012,ACC_1001,REC_5002,209.76,2025-12-17 16:59:01,d7a8e2,192.168.1.15,19.082885955264818,72.8685460444116
TXN_B_2279,ACC_2002,SUPP_111,4363.95,2025-12-17 17:27:19,a4d8e3,103.21.52.1,28.563289409565364,77.28579415849289
TXN_B_2400,ACC_2002,SUPP_124,1214.12,2025-12-17 20:00:22,a4d8e3,172.16.8.12,28.520555190937113,77.18038280576441
TXN_B_2145,ACC_2002,DIST_242,4707.58,2025-12-17 23:46:09,f2b9c1,115.112.4.88,28.615317592582368,77.1512916624325
TXN_B_2380,ACC_2002,DIST_238,4177.52,2025-12-18 02:43:02,e5f2g7,103.21.52.1,28.69926771676951,77.20386842959572
TXN_B_2032,ACC_2002,SUPP_118,1121.38,2025-12-18 04:41:11,a4d8e3,115.112.4.88,28.584422424380236,77.23598359167757
TXN_B_2227,ACC_2002,SUPP_122,4016.51,2025-12-18 07:30:17,e5f2g7,172.16.8.12,28.51849722035287,77.17723000468888
TXN_B_2206,ACC_2002,DIST_205,605.02,2025-12-18 07:48:35,a4d8e3,172.16.8.12,28.58796122751673,77.13418034401573
TXN_N_1016,ACC_1001,REC_5002,136.87,2025-12-18 12:03:01,d7a8e2,192.168.1.15,19.07793689584133,72.87758810607231
TXN_B_2634,ACC_2002,DIST_235,2202.36,2025-12-18 12:29:55,e5f2g7,172.16.8.12,28.63010209590582,77.3006145089957
TXN_B_2579,ACC_2002,SUPP_110,4621.07,2025-12-18 12:56:06,e5f2g7,115.112.4.88,28.588698470295036,77.22670584745444
TXN_B_2029,ACC_2002,DIST_223,2810.5,2025-12-18 16:58:55,a4d8e3,172.16.8.12,28.690957946913365,77.20336805910743
TXN_B_2563,ACC_2002,DIST_233,1745.71,2025-12-18 17:40:53,e5f2g7,115.112.4.88,28.603471007209606,77.23492298413784
TXN_B_2463,ACC_2002,DIST_213,3185.87,2025-12-18 23:53:08,e5f2g7,115.112.4.88,28.584215232232896,77.15384387574099
TXN_B_2373,ACC_2002,SUPP_125,4105.35,2025-12-19 00:24:37,f2b9c1,103.21.52.1,28.599288204194895,77.13890688962208
TXN_B_2527,ACC_2002,SUPP_123,6071.02,2025-12-19 02:33:49,f2b9c1,172.16.8.12,28.52917879852155,77.19279344144152
TXN_N_1034,ACC_1001,REC_5003,109.43,2025-12-19 08:44:45,d7a8e2,192.168.1.15,19.07849010809982,72.87454596821084
TXN_B_2518,ACC_2002,DIST_241,1952.09,2025-12-19 08:59:36,f2b9c1,172.16.8.12,28.601063561423395,77.26209208498955
TXN_B_2146,ACC_2002,DIST_216,13663.96,2025-12-19 09:49:57,f2b9c1,172.16.8.12,28.623150694909842,77.13010678308068
TXN_B_2016,ACC_2002,DIST_238,2015.0,2025-12-19 10:15:42,f2b9c1,172.16.8.12,28.58459030736013,77.16391009611583
TXN_B_2147,ACC_2002,DIST_240,4545.87,2025-12-19 10:31:27,e5f2g7,103.21.52.1,28.587346713675018,77.18501635506817
TXN_B_2501,ACC_2002,SUPP_143,2078.44,2025-12-19 15:48:35,f2b9c1,103.21.52.1,28.604699960970713,77.15095398313659
TXN_B_2445,ACC_2002,DIST_213,14110.91,2025-12-19 19:15:02,e5f2g7,103.21.52.1,28.594241686017323,77.14049949778195
TXN_B_2640,ACC_2002,DIST_208,3345.43,2025-12-19 20:08:37,f2b9c1,115.112.4.88,28.64734185561105,77.20821447266833
TXN_B_2202,ACC_2002,SUPP_125,7760.83,2025-12-19 20:17:05,a4d8e3,172.16.8.12,28.54155423049832,77.24291682682642
TXN_B_2276,ACC_2002,SUPP_138,7384.43,2025-12-19 21:21:00,f2b9c1,103.21.52.1,28.661354519172708,77.22968784011513
TXN_B_2633,ACC_2002,SUPP_149,3875.75,2025-12-19 21:33:50,f2b9c1,172.16.8.12,28.60944991239969,77.15633281238553
TXN_B_2177,ACC_2002,DIST_214,5629.18,2025-12-19 21:55:37,a4d8e3,103.21.52.1,28.513973131379842,77.1505411600744
TXN_B_2157,ACC_2002,DIST_234,1956.5,2025-12-20 00:42:59,a4d8e3,115.112.4.88,28.63704997664815,77.11522496087838
TXN_N_1027,ACC_1001,REC_5002,177.14,2025-12-20 02:22:54,d7a8e2,192.168.1.15,19.073548907411386,72.88639664196229
TXN_B_2551,ACC_2002,SUPP_144,4368.98,2025-12-20 06:04:23,a4d8e3,103.21.52.1,28.703615803868384,77.12764248897535
TXN_N_1006,ACC_1001,REC_5002,234.76,2025-12-20 11:47:19,d7a8e2,192.168.1.15,19.078726763672755,72.88288941296679
TXN_B_2270,ACC_2002,SUPP_135,1110.67,2025-12-20 11:52:31,e5f2g7,115.112.4.88,28.66900861257223,77.15468875604743
TXN_B_2441,ACC_2002,DIST_207,10850.86,2025-12-20 13:18:58,a4d8e3,172.16.8.12,28.588899271534682,77.15825970559868
TXN_B_2251,ACC_2002,DIST_216,1133.92,2025-12-20 14:01:53,a4d8e3,103.21.52.1,28.546372058428023,77.28540609999904
TXN_B_2474,ACC_2002,DIST_223,4916.84,2025-12-20 14:41:57,a4d8e3,103.21.52.1,28.559418611182327,77.30763231936292
TXN_B_2349,ACC_2002,DIST_207,2962.32,2025-12-20 19:40:30,f2b9c1,115.112.4.88,28.651615524608545,77.29724511135949
TXN_N_1031,ACC_1001,REC_5001,186.44,2025-12-20 21:11:16,d7a8e2,192.168.1.15,19.074384815033063,72.88345647082576
TXN_B_2306,ACC_2002,SUPP_112,2808.26,2025-12-20 23:22:51,f2b9c1,115.112.4.88,28.5782544550538,77.28638027484051
TXN_B_2469,ACC_2002,DIST_237,2375.49,2025-12-21 00:42:16,e5f2g7,172.16.8.12,28.531701428811637,77.25586662936846
TXN_B_2428,ACC_2002,SUPP_141,4202.45,2025-12-21 01:05:58,e5f2g7,115.112.4.88,28.707811617595627,77.11080594590698
TXN_B_2395,ACC_2002,SUPP_121,9672.42,2025-12-21 03:57:19,f2b9c1,103.21.52.1,28.554201714232843,77.21845671038221
TXN_B_2362,ACC_2002,DIST_222,967.66,2025-12-21 04:40:46,e5f2g7,172.16.8.12,28.672842077680386,77.18018604028174
TXN_B_2077,ACC_2002,DIST_220,3867.9,2025-12-21 05:37:14,e5f2g7,103.21.52.1,28.56464526101845,77.15606452042239
TXN_B_2233,ACC_2002,DIST_214,3525.09,2025-12-21 08:33:31,e5f2g7,103.21.52.1,28.529718217881033,77.18638115869345
TXN_B_2556,ACC_2002,SUPP_141,3511.46,2025-12-21 10:31:41,a4d8e3,103.21.52.1,28.614721903146318,77.1760823289045
TXN_B_2304,ACC_2002,SUPP_142,4259.82,2025-12-21 12:23:43,f2b9c1,172.16.8.12,28.662874778432677,77.18091338439636
TXN_B_2156,ACC_2002,SUPP_147,3458.65,2025-12-21 14:30:05,e5f2g7,103.21.52.1,28.56784872596188,77.20003608580464
TXN_B_2539,ACC_2002,SUPP_125,2913.1,2025-12-21 14:59:13,e5f2g7,172.16.8.12,28.561508691989314,77.22107882476641
TXN_B_2312,ACC_2002,SUPP_113,4063.91,2025-12-21 16:40:30,f2b9c1,172.16.8.12,28.691454413830332,77.12684147911943
TXN_B_2465,ACC_2002,SUPP_106,2103.62,2025-12-21 19:33:06,e5f2g7,115.112.4.88,28.690967771952824,77.17856723181896
TXN_B_2271,ACC_2002,DIST_227,3365.07,2025-12-21 20:47:24,e5f2g7,172.16.8.12,28.59407965246021,77.15701855250722
TXN_B_2519,ACC_2002,SUPP_136,2160.55,2025-12-22 02:22:23,e5f2g7,115.112.4.88,28.693364472246312,77.25223958017875
TXN_B_2515,ACC_2002,SUPP_107,2219.98,2025-12-22 04:16:41,f2b9c1,103.21.52.1,28.525133959325416,77.23104737382226
TXN_B_2030,ACC_2002,DIST_217,3470.61,2025-12-22 04:17:27,a4d8e3,172.16.8.12,28.6820821412435,77.11608430647772
TXN_B_2141,ACC_2002,SUPP_121,2451.14,2025-12-22 06:05:26,a4d8e3,172.16.8.12,28.666492301593667,77.26457814596307
TXN_B_2528,ACC_2002,DIST_238,2489.1,2025-12-22 08:39:44,f2b9c1,103.21.52.1,28.6247986359991,77.1732727895102
TXN_B_2366,ACC_2002,SUPP_146,2355.07,2025-12-22 10:02:09,f2b9c1,103.21.52.1,28.523138438385086,77.23480009706873
TXN_B_2002,ACC_2002,SUPP_149,2246.31,2025-12-22 14:17:08,e5f2g7,115.112.4.88,28.603374686715085,77.1628641698711
TXN_B_2585,ACC_2002,SUPP_101,14512.98,2025-12-22 14:19:34,a4d8e3,115.112.4.88,28.562321922193373,77.17497179471773
TXN_B_2628,ACC_2002,DIST_234,2532.13,2025-12-22 16:42:53,f2b9c1,115.112.4.88,28.64109535875589,77.2484241443826
TXN_B_2097,ACC_2002,SUPP_109,7542.9,2025-12-22 17:17:19,a4d8e3,115.112.4.88,28.701899541379902,77.12536039378702
TXN_B_2388,ACC_2002,DIST_210,1179.7,2025-12-22 18:12:25,f2b9c1,103.21.52.1,28.697215284486937,77.11832522288117
TXN_B_2496,ACC_2002,SUPP_141,4375.5,2025-12-22 19:33:52,e5f2g7,172.16.8.12,28.65235098098648,77.26800385511653
TXN_B_2580,ACC_2002,SUPP_123,5741.77,2025-12-22 20:38:34,a4d8e3,172.16.8.12,28.67293554506961,77.14221733330139
TXN_B_2552,ACC_2002,DIST_217,4200.25,2025-12-22 20:41:12,e5f2g7,103.21.52.1,28.709778113851396,77.16278719475562
TXN_B_2577,ACC_2002,DIST_214,4034.96,2025-12-23 00:53:12,a4d8e3,115.112.4.88,28.669194316522823,77.12142141496908
TXN_B_2645,ACC_2002,DIST_248,579.79,2025-12-23 01:13:59,f2b9c1,115.112.4.88,28.63007134344015,77.17759893288971
TXN_B_2112,ACC_2002,DIST_218,1640.49,2025-12-23 04:06:52,e5f2g7,172.16.8.12,28.712657192087434,77.23452426481319
TXN_B_2260,ACC_2002,SUPP_139,4979.42,2025-12-23 07:22:22,e5f2g7,103.21.52.1,28.523953307852217,77.136637901908
TXN_B_2025,ACC_2002,DIST_202,3313.01,2025-12-23 10:25:32,f2b9c1,115.112.4.88,28.60339695788912,77.20115712604486
TXN_B_2550,ACC_2002,SUPP_145,4616.19,2025-12-23 13:31:16,a4d8e3,172.16.8.12,28.577620352508585,77.29594610685822
TXN_B_2283,ACC_2002,SUPP_119,2302.0,2025-12-23 14:06:56,a4d8e3,115.112.4.88,28.588269641900965,77.11080282171619
TXN_B_2207,ACC_2002,DIST_230,2525.34,2025-12-23 18:42:12,e5f2g7,115.112.4.88,28.545644925720747,77.21763769615242
TXN_B_2278,ACC_2002,SUPP_101,12915.76,2025-12-23 20:13:59,e5f2g7,115.112.4.88,28.63403526802025,77.30370787461074
TXN_B_2485,ACC_2002,SUPP_112,3693.25,2025-12-23 21:06:38,f2b9c1,115.112.4.88,28.70206177408794,77.23090640291227
TXN_B_2171,ACC_2002,DIST_217,2625.56,2025-12-23 23:49:40,e5f2g7,172.16.8.12,28.666261273169283,77.2954187723816
TXN_B_2536,ACC_2002,SUPP_135,3487.04,2025-12-24 00:18:42,f2b9c1,115.112.4.88,28.54850934646247,77.20229448807142
TXN_B_2296,ACC_2002,SUPP_124,1584.94,2025-12-24 01:41:52,e5f2g7,103.21.52.1,28.68324877700769,77.15452868015008
TXN_B_2589,ACC_2002,SUPP_143,857.29,2025-12-24 05:14:09,a4d8e3,103.21.52.1,28.569295850424208,77.19068180705531
TXN_B_2131,ACC_2002,DIST_240,2042.71,2025-12-24 06:29:00,f2b9c1,172.16.8.12,28.688917951503193,77.26559150928655
TXN_B_2000,ACC_2002,DIST_215,3122.85,2025-12-24 09:56:14,e5f2g7,172.16.8.12,28.694748887926657,77.12013235366089
TXN_B_2361,ACC_2002,SUPP_103,589.18,2025-12-24 12:45:14,e5f2g7,172.16.8.12,28.684520426302466,77.1955694877831
TXN_B_2606,ACC_2002,SUPP_118,13902.02,2025-12-24 14:36:29,a4d8e3,172.16.8.12,28.556991705264483,77.25353517749713
TXN_B_2597,ACC_2002,SUPP_105,3356.93,2025-12-24 17:24:35,a4d8e3,115.112.4.88,28.58320823417474,77.20449112832208
TXN_B_2522,ACC_2002,DIST_200,2722.25,2025-12-24 19:29:14,e5f2g7,103.21.52.1,28.570998196197912,77.27152303553821
TXN_B_2042,ACC_2002,DIST_241,5578.76,2025-12-25 00:21:53,a4d8e3,115.112.4.88,28.636684757746217,77.13145858280862
TXN_N_1021,ACC_1001,REC_5003,187.75,2025-12-25 00:38:53,d7a8e2,192.168.1.15,19.068334486626924,72.87387183475651
TXN_B_2201,ACC_2002,DIST_215,9977.11,2025-12-25 02:17:28,a4d8e3,103.21.52.1,28.679523610912852,77.1569354143558
TXN_B_2191,ACC_2002,DIST_230,2529.38,2025-12-25 02:45:56,a4d8e3,115.112.4.88,28.578582980615906,77.29998550295903
TXN_B_2482,ACC_2002,DIST_244,1471.08,2025-12-25 04:50:35,e5f2g7,172.16.8.12,28.55746811338296,77.2783019695122
TXN_B_2256,ACC_2002,SUPP_117,3118.68,2025-12-25 05:58:15,e5f2g7,172.16.8.12,28.665326449590946,77.20639132785361
TXN_B_2139,ACC_2002,SUPP_116,3159.43,2025-12-25 06:53:03,a4d8e3,172.16.8.12,28.65251930371057,77.28177850571302
TXN_B_2096,ACC_2002,SUPP_138,4522.69,2025-12-25 09:40:21,a4d8e3,115.112.4.88,28.698936989421338,77.21280797878731
TXN_B_2473,ACC_2002,SUPP_130,2287.25,2025-12-25 11:13:00,e5f2g7,172.16.8.12,28.618902422016156,77.16225210262269
TXN_B_2558,ACC_2002,DIST_208,625.06,2025-12-25 12:01:24,a4d8e3,115.112.4.88,28.673765716441814,77.24704571580233
TXN_B_2182,ACC_2002,DIST_238,2994.81,2025-12-25 12:37:52,a4d8e3,172.16.8.12,28.66356591216065,77.19245636137413
TXN_B_2553,ACC_2002,SUPP_105,12868.82,2025-12-25 15:09:08,a4d8e3,103.21.52.1,28.642747589832513,77.16613357831831
TXN_B_2144,ACC_2002,DIST_218,6453.91,2025-12-25 16:26:49,f2b9c1,115.112.4.88,28.681544230662517,77.13587492817042
TXN_B_2623,ACC_2002,DIST_231,3143.23,2025-12-25 17:12:40,f2b9c1,172.16.8.12,28.66312171771499,77.15545854685294
TXN_B_2387,ACC_2002,SUPP_143,2632.83,2025-12-25 17:18:15,f2b9c1,103.21.52.1,28.657088416075606,77.14388786634746
TXN_B_2236,ACC_2002,DIST_214,4894.74,2025-12-25 21:22:08,a4d8e3,103.21.52.1,28.53080891382539,77.20660505898083
TXN_B_2524,ACC_2002,SUPP_135,3101.96,2025-12-25 22:50:53,e5f2g7,103.21.52.1,28.527786402710685,77.11585258668043
TXN_B_2150,ACC_2002,DIST_224,2721.88,2025-12-26 05:53:50,e5f2g7,103.21.52.1,28.53181991198509,77.28120036225818
TXN_B_2460,ACC_2002,DIST_220,1692.59,2025-12-26 07:51:14,f2b9c1,103.21.52.1,28.673502255507636,77.15677014386918
TXN_B_2198,ACC_2002,SUPP_103,8159.13,2025-12-26 11:08:49,f2b9c1,103.21.52.1,28.712422199514965,77.27092629240781
TXN_B_2108,ACC_2002,SUPP_106,14575.98,2025-12-26 12:36:30,f2b9c1,103.21.52.1,28.611260090572983,77.25881718032034
TXN_N_1042,ACC_1001,REC_5001,190.33,2025-12-26 13:10:10,d7a8e2,192.168.1.15,19.068080831280284,72.88437653513336
TXN_B_2327,ACC_2002,SUPP_142,4456.68,2025-12-26 14:48:43,e5f2g7,103.21.52.1,28.669589495939704,77.17960340461747
TXN_B_2435,ACC_2002,SUPP_115,4169.13,2025-12-26 16:36:19,f2b9c1,103.21.52.1,28.64293936167755,77.21336712623643
TXN_B_2165,ACC_2002,SUPP_115,2670.17,2025-12-26 16:54:32,e5f2g7,103.21.52.1,28.6412975123105,77.13564953312802
TXN_B_2054,ACC_2002,SUPP_103,2624.94,2025-12-27 00:11:17,f2b9c1,115.112.4.88,28.614836093972233,77.28944014055857
TXN_B_2431,ACC_2002,DIST_202,1758.0,2025-12-27 04:28:10,f2b9c1,103.21.52.1,28.66900642356393,77.25316869249853
TXN_B_2343,ACC_2002,SUPP_131,2511.55,2025-12-27 08:22:44,f2b9c1,115.112.4.88,28.657228976641477,77.2911331754258
TXN_B_2600,ACC_2002,DIST_205,3045.96,2025-12-27 13:11:38,a4d8e3,172.16.8.12,28.710318041343147,77.12058418002998
TXN_B_2641,ACC_2002,SUPP_103,2343.88,2025-12-27 16:04:36,e5f2g7,115.112.4.88,28.675703780055745,77.13910281297426
TXN_B_2586,ACC_2002,SUPP_127,12438.1,2025-12-27 18:39:15,f2b9c1,172.16.8.12,28.64460545661141,77.18506435937374
TXN_B_2413,ACC_2002,DIST_229,7124.01,2025-12-27 19:33:28,e5f2g7,115.112.4.88,28.62031422470746,77.26449926660597
TXN_B_2005,ACC_2002,DIST_205,2358.61,2025-12-27 23:21:09,e5f2g7,115.112.4.88,28.710723719080367,77.16978098119797
TXN_N_1028,ACC_1001,REC_5002,27.47,2025-12-28 00:16:27,d7a8e2,192.168.1.15,19.070261985799707,72.88041047651956
TXN_B_2462,ACC_2002,SUPP_129,3117.61,2025-12-28 01:02:32,f2b9c1,103.21.52.1,28.542917185571184,77.30536792859495
TXN_B_2122,ACC_2002,SUPP_110,4638.34,2025-12-28 01:56:01,a4d8e3,115.112.4.88,28.602822841980068,77.23557917862603
TXN_B_2059,ACC_2002,SUPP_144,2808.79,2025-12-28 03:03:28,e5f2g7,103.21.52.1,28.514690406408764,77.22968702436866
TXN_B_2615,ACC_2002,DIST_216,3471.56,2025-12-28 06:20:40,e5f2g7,103.21.52.1,28.556907126240922,77.28664693121965
TXN_B_2160,ACC_2002,DIST_221,2815.61,2025-12-28 06:56:26,f2b9c1,172.16.8.12,28.539305997768,77.17786068433125
TXN_B_2631,ACC_2002,SUPP_144,1840.64,2025-12-28 07:10:17,e5f2g7,172.16.8.12,28.710441245099183,77.25061285649167
TXN_B_2299,ACC_2002,DIST_239,3946.8,2025-12-28 11:01:01,a4d8e3,172.16.8.12,28.58083032132102,77.16973573830332
TXN_B_2222,ACC_2002,DIST_210,1546.31,2025-12-28 11:46:40,f2b9c1,172.16.8.12,28.67392600231903,77.27515036178124
TXN_B_2216,ACC_2002,SUPP_113,4973.16,2025-12-28 12:20:18,a4d8e3,115.112.4.88,28.57400189161201,77.20581702121608
TXN_B_2560,ACC_2002,DIST_233,1345.69,2025-12-28 14:28:33,e5f2g7,103.21.52.1,28.66648735162565,77.14257315088437
TXN_B_2407,ACC_2002,SUPP_145,2154.62,2025-12-28 15:37:31,a4d8e3,172.16.8.12,28.5796197679975,77.24966799707578
TXN_N_1038,ACC_1001,REC_5003,77.91,2025-12-28 18:18:21,d7a8e2,192.168.1.15,19.069122334431075,72.87818665703726
TXN_B_2648,ACC_2002,SUPP_116,4121.94,2025-12-28 18:51:52,e5f2g7,172.16.8.12,28.652285950068055,77.2610318970142
TXN_B_2109,ACC_2002,SUPP_135,1652.04,2025-12-28 20:52:05,f2b9c1,115.112.4.88,28.63965362132776,77.22980204587418
TXN_N_1029,ACC_1001,REC_5003,247.06,2025-12-28 23:06:39,d7a8e2,192.168.1.15,19.084603998952783,72.88603031396556
TXN_B_2287,ACC_2002,DIST_220,3881.7,2025-12-29 00:53:17,e5f2g7,115.112.4.88,28.58507972597673,77.22478254536452
TXN_B_2166,ACC_2002,SUPP_135,3773.99,2025-12-29 04:18:08,e5f2g7,172.16.8.12,28.698113376786715,77.17006925460223
TXN_B_2161,ACC_2002,DIST_244,1840.92,2025-12-29 05:07:09,f2b9c1,172.16.8.12,28.54181493848773,77.28849784037679
TXN_B_2074,ACC_2002,DIST_245,2751.07,2025-12-29 06:30:37,e5f2g7,172.16.8.12,28.536382998510895,77.19255522016464
TXN_B_2317,ACC_2002,SUPP_105,4355.5,2025-12-29 07:56:24,a4d8e3,172.16.8.12,28.539466882910677,77.11904235158322
TXN_B_2188,ACC_2002,SUPP_135,4609.49,2025-12-29 08:13:13,e5f2g7,115.112.4.88,28.6685253486487,77.17432223202438
TXN_B_2352,ACC_2002,DIST_235,9128.51,2025-12-29 10:13:56,f2b9c1,172.16.8.12,28.550104850790188,77.15816864208797
TXN_B_2106,ACC_2002,DIST_218,4618.29,2025-12-29 11:01:53,e5f2g7,115.112.4.88,28.639202505092232,77.1836181581678
TXN_B_2314,ACC_2002,DIST_227,10125.02,2025-12-29 12:21:55,a4d8e3,172.16.8.12,28.543603187869614,77.2313613404402
TXN_B_2365,ACC_2002,SUPP_143,1428.24,2025-12-29 13:45:18,a4d8e3,103.21.52.1,28.67349212796511,77.1933706702084
TXN_B_2594,ACC_2002,DIST_246,1817.55,2025-12-29 15:07:27,a4d8e3,115.112.4.88,28.66922300906145,77.23154053029728
TXN_B_2500,ACC_2002,DIST_222,1746.55,2025-12-29 15:39:19,a4d8e3,103.21.52.1,28.644172330051738,77.13815479257899
TXN_B_2531,ACC_2002,DIST_235,1576.48,2025-12-29 17:02:53,e5f2g7,172.16.8.12,28.61910190024734,77.18835967139705
TXN_B_2356,ACC_2002,DIST_249,1456.16,2025-12-29 19:32:19,f2b9c1,103.21.52.1,28.65378602353369,77.21547616984805
TXN_B_2250,ACC_2002,DIST_216,2386.5,2025-12-29 20:38:45,e5f2g7,103.21.52.1,28.618283425370574,77.12990613556498
TXN_B_2510,ACC_2002,SUPP_108,9283.59,2025-12-29 21:14:46,f2b9c1,115.112.4.88,28.64246296887971,77.1110752420375
TXN_B_2475,ACC_2002,SUPP_143,2612.27,2025-12-29 23:59:52,f2b9c1,172.16.8.12,28.70156840338983,77.25823833304639
TXN_B_2047,ACC_2002,DIST_242,14977.03,2025-12-30 00:24:11,f2b9c1,172.16.8.12,28.64225552181367,77.14781335359693
TXN_B_2021,ACC_2002,SUPP_130,1842.45,2025-12-30 04:57:21,a4d8e3,103.21.52.1,28.548416137381828,77.23122091379767
TXN_B_2403,ACC_2002,DIST_242,1857.34,2025-12-30 05:50:28,a4d8e3,115.112.4.88,28.61754550566829,77.25499697626961
TXN_B_2546,ACC_2002,SUPP_141,3597.64,2025-12-30 20:55:48,e5f2g7,172.16.8.12,28.653666313021397,77.15305954926451
TXN_B_2084,ACC_2002,DIST_228,5916.62,2025-12-30 21:18:19,e5f2g7,103.21.52.1,28.51417615962695,77.20709749798861
TXN_B_2372,ACC_2002,SUPP_122,1304.21,2025-12-31 00:25:36,a4d8e3,172.16.8.12,28.61413944731871,77.29678605644229
TXN_B_2104,ACC_2002,DIST_238,4206.99,2025-12-31 02:41:22,e5f2g7,115.112.4.88,28.593321605960643,77.27668907282612
TXN_B_2581,ACC_2002,SUPP_137,13398.77,2025-12-31 05:30:19,e5f2g7,115.112.4.88,28.634521659869154,77.27777291774778
TXN_B_2194,ACC_2002,DIST_231,3695.07,2025-12-31 06:26:16,e5f2g7,172.16.8.12,28.673080659248285,77.29028074778473
TXN_B_2491,ACC_2002,DIST_228,1898.83,2025-12-31 06:32:23,f2b9c1,115.112.4.88,28.58664712605042,77.25804878397197
TXN_B_2350,ACC_2002,SUPP_125,1374.92,2025-12-31 10:41:04,f2b9c1,115.112.4.88,28.52996150647129,77.29605344698759
TXN_B_2273,ACC_2002,DIST_247,955.47,2025-12-31 12:07:52,a4d8e3,172.16.8.12,28.662224739773134,77.25712152848104
TXN_B_2215,ACC_2002,DIST_240,2238.41,2025-12-31 17:13:27,f2b9c1,115.112.4.88,28.604046063769122,77.1495732397704
TXN_B_2494,ACC_2002,SUPP_148,2876.38,2025-12-31 20:37:25,a4d8e3,103.21.52.1,28.56458487375066,77.18082172003415
TXN_B_2217,ACC_2002,DIST_226,1654.32,2025-12-31 22:38:02,e5f2g7,172.16.8.12,28.634084554814013,77.13126541200019
TXN_N_1047,ACC_1001,REC_5001,186.38,2026-01-01 01:17:31,d7a8e2,192.168.1.15,19.070500010826233,72.8795945425563
TXN_B_2424,ACC_2002,SUPP_138,11519.44,2026-01-01 03:26:17,e5f2g7,172.16.8.12,28.65929691557296,77.12551387632595
TXN_B_2642,ACC_2002,SUPP_146,2890.26,2026-01-01 03:32:12,e5f2g7,115.112.4.88,28.528069844154697,77.13603406323855
TXN_N_1022,ACC_1001,REC_5002,192.51,2026-01-01 05:47:14,d7a8e2,192.168.1.15,19.08334789214292,72.88203036839346
TXN_B_2099,ACC_2002,SUPP_105,3244.16,2026-01-01 10:46:21,f2b9c1,172.16.8.12,28.514732903469707,77.15988999790854
TXN_B_2359,ACC_2002,DIST_233,1300.11,2026-01-01 10:46:50,a4d8e3,103.21.52.1,28.703751622217332,77.24715566241422
TXN_B_2121,ACC_2002,SUPP_133,1491.91,2026-01-01 13:53:30,e5f2g7,103.21.52.1,28.61218497762325,77.1644080345237
TXN_B_2153,ACC_2002,SUPP_142,8089.73,2026-01-01 17:35:34,e5f2g7,172.16.8.12,28.520079602347618,77.24658833218206
TXN_B_2384,ACC_2002,SUPP_125,1209.76,2026-01-01 19:36:09,e5f2g7,103.21.52.1,28.532884824472767,77.11355811658201
TXN_B_2554,ACC_2002,SUPP_126,4374.04,2026-01-01 20:38:21,e5f2g7,103.21.52.1,28.677764314832658,77.19990834267618
TXN_B_2526,ACC_2002,SUPP_129,3906.5,2026-01-01 23:24:43,f2b9c1,103.21.52.1,28.573818585226604,77.18369556892598
TXN_B_2114,ACC_2002,SUPP_123,1866.26,2026-01-02 04:49:46,f2b9c1,103.21.52.1,28.524378337927747,77.10955444830833
TXN_B_2007,ACC_2002,DIST_207,4443.06,2026-01-02 06:06:38,f2b9c1,172.16.8.12,28.622299829491674,77.25390657144398
TXN_B_2119,ACC_2002,SUPP_136,4467.63,2026-01-02 09:43:01,e5f2g7,172.16.8.12,28.660132285960298,77.19522238736407
TXN_B_2082,ACC_2002,DIST_217,2833.26,2026-01-02 10:05:14,f2b9c1,172.16.8.12,28.63209917747878,77.23852132323047
TXN_B_2076,ACC_2002,DIST_242,7634.28,2026-01-02 10:13:41,f2b9c1,115.112.4.88,28.532441341413488,77.1886162927407
TXN_B_2055,ACC_2002,SUPP_120,2495.97,2026-01-02 11:19:21,e5f2g7,115.112.4.88,28.70634804195809,77.11709898269993
TXN_B_2598,ACC_2002,DIST_249,4331.75,2026-01-02 11:48:19,a4d8e3,103.21.52.1,28.660033364846655,77.20935090081537
TXN_B_2211,ACC_2002,SUPP_103,3118.9,2026-01-02 12:02:42,f2b9c1,115.112.4.88,28.556085246419386,77.1268708375772
TXN_B_2392,ACC_2002,DIST_219,2361.91,2026-01-02 14:20:33,e5f2g7,103.21.52.1,28.558553865316,77.29214180867334
TXN_B_2117,ACC_2002,SUPP_107,1342.35,2026-01-02 16:45:53,a4d8e3,172.16.8.12,28.597194963427008,77.11597054857477
TXN_B_2331,ACC_2002,DIST_239,4506.68,2026-01-02 19:17:33,f2b9c1,103.21.52.1,28.713203417677057,77.11971661762708
TXN_B_2565,ACC_2002,DIST_201,12557.72,2026-01-02 19:21:28,e5f2g7,103.21.52.1,28.713158250016445,77.1128104649386
TXN_B_2226,ACC_2002,DIST_229,1241.79,2026-01-02 20:54:52,e5f2g7,172.16.8.12,28.52825473870154,77.29801698038196
TXN_B_2533,ACC_2002,DIST_244,12708.88,2026-01-02 23:15:44,e5f2g7,103.21.52.1,28.558487760965132,77.30505644802031
TXN_B_2310,ACC_2002,DIST_246,4129.07,2026-01-03 01:49:04,f2b9c1,172.16.8.12,28.671945724287436,77.2189097942952
TXN_B_2555,ACC_2002,DIST_214,4030.95,2026-01-03 04:26:11,a4d8e3,115.112.4.88,28.68630697557686,77.25679008023029
TXN_B_2364,ACC_2002,DIST_248,4409.81,2026-01-03 07:52:32,a4d8e3,103.21.52.1,28.670621705732675,77.30816293331172
TXN_B_2455,ACC_2002,SUPP_116,1241.45,2026-01-03 08:42:48,a4d8e3,115.112.4.88,28.662711058872045,77.17737200619095
TXN_B_2417,ACC_2002,SUPP_133,4713.76,2026-01-03 11:11:53,a4d8e3,103.21.52.1,28.590541483302793,77.16373323184972
TXN_B_2184,ACC_2002,SUPP_117,3042.52,2026-01-03 11:49:01,a4d8e3,115.112.4.88,28.683211860405287,77.29505122021214
TXN_B_2562,ACC_2002,DIST_241,11941.95,2026-01-03 15:32:07,a4d8e3,172.16.8.12,28.6166608896427,77.29142731525624
TXN_B_2130,ACC_2002,SUPP_123,1030.1,2026-01-03 16:29:29,e5f2g7,103.21.52.1,28.661854882538076,77.25639889642163
TXN_B_2158,ACC_2002,DIST_225,2291.28,2026-01-03 18:45:18,e5f2g7,172.16.8.12,28.55526314037236,77.26210935764924
TXN_B_2507,ACC_2002,DIST_202,1509.71,2026-01-03 20:11:46,a4d8e3,115.112.4.88,28.530849402058795,77.12706581605495
TXN_B_2045,ACC_2002,SUPP_103,3880.35,2026-01-03 20:52:25,f2b9c1,115.112.4.88,28.685431720475766,77.14987654785433
TXN_B_2255,ACC_2002,DIST_242,4492.0,2026-01-04 01:11:38,e5f2g7,172.16.8.12,28.574916221055044,77.22591761637668
TXN_B_2238,ACC_2002,DIST_217,808.54,2026-01-04 03:53:06,e5f2g7,103.21.52.1,28.53852933286036,77.27169937669065
TXN_B_2288,ACC_2002,DIST_243,4505.28,2026-01-04 04:59:56,e5f2g7,172.16.8.12,28.66139686788262,77.20998653045002
TXN_B_2466,ACC_2002,SUPP_131,2729.54,2026-01-04 06:09:59,f2b9c1,115.112.4.88,28.60361650847542,77.29615817449312
TXN_N_1005,ACC_1001,REC_5001,147.76,2026-01-04 06:44:59,d7a8e2,192.168.1.15,19.083175375619557,72.87027125508963
TXN_B_2199,ACC_2002,DIST_206,5196.43,2026-01-04 12:47:10,f2b9c1,172.16.8.12,28.578710880354983,77.21859595488978
TXN_B_2006,ACC_2002,DIST_225,7115.59,2026-01-04 15:09:53,a4d8e3,115.112.4.88,28.624096904213353,77.14084445148943
TXN_B_2613,ACC_2002,DIST_218,4140.5,2026-01-04 18:15:23,a4d8e3,172.16.8.12,28.68872003517404,77.15133570410195
TXN_B_2571,ACC_2002,DIST_226,3784.69,2026-01-04 19:27:34,f2b9c1,115.112.4.88,28.522724621982626,77.18402802746456
TXN_B_2608,ACC_2002,SUPP_112,7761.52,2026-01-04 19:35:41,a4d8e3,115.112.4.88,28.66579274199376,77.216781198823
TXN_B_2050,ACC_2002,SUPP_103,12135.49,2026-01-05 00:21:17,e5f2g7,103.21.52.1,28.613208828579634,77.18782006313705
TXN_B_2621,ACC_2002,SUPP_145,1079.7,2026-01-05 00:57:02,f2b9c1,115.112.4.88,28.582997217411467,77.29016181640786
TXN_B_2219,ACC_2002,DIST_224,756.11,2026-01-05 01:55:00,a4d8e3,172.16.8.12,28.663898360649817,77.12236831518717
TXN_B_2347,ACC_2002,DIST_243,631.07,2026-01-05 06:01:18,a4d8e3,115.112.4.88,28.71231291582428,77.20809467117212
TXN_B_2073,ACC_2002,SUPP_131,4061.65,2026-01-05 08:00:23,f2b9c1,103.21.52.1,28.70730036430393,77.17420891665495
TXN_B_2354,ACC_2002,SUPP_139,3092.3,2026-01-05 08:36:40,a4d8e3,172.16.8.12,28.618971894849256,77.30897669402816
TXN_B_2318,ACC_2002,DIST_235,808.79,2026-01-05 11:22:28,e5f2g7,172.16.8.12,28.616712761773016,77.19711935734753
TXN_B_2422,ACC_2002,DIST_241,3378.42,2026-01-05 12:30:56,f2b9c1,115.112.4.88,28.554380239566733,77.23478851952693
TXN_B_2240,ACC_2002,DIST_245,4230.32,2026-01-05 12:43:17,a4d8e3,103.21.52.1,28.61180749204369,77.12576118740004
TXN_B_2406,ACC_2002,SUPP_129,9345.39,2026-01-05 19:32:19,a4d8e3,103.21.52.1,28.640685817606126,77.17154024725448
TXN_B_2218,ACC_2002,SUPP_112,12834.79,2026-01-05 19:33:15,a4d8e3,103.21.52.1,28.530944679640424,77.26528394246431
TXN_N_1003,ACC_1001,REC_5003,166.04,2026-01-05 21:29:11,d7a8e2,192.168.1.15,19.073757972287265,72.88288901095449
TXN_B_2467,ACC_2002,SUPP_143,1282.9,2026-01-05 22:17:10,f2b9c1,115.112.4.88,28.619567302213117,77.28903091314277
TXN_B_2290,ACC_2002,SUPP_113,1236.62,2026-01-05 22:29:26,e5f2g7,103.21.52.1,28.657596750289063,77.17447044566616
TXN_B_2126,ACC_2002,DIST_218,4962.36,2026-01-05 22:53:03,f2b9c1,172.16.8.12,28.527374888759216,77.26261818218082
TXN_B_2355,ACC_2002,SUPP_109,3400.88,2026-01-06 01:32:18,e5f2g7,103.21.52.1,28.644949092274274,77.26557275625272
TXN_B_2542,ACC_2002,DIST_204,2226.02,2026-01-06 05:48:52,a4d8e3,172.16.8.12,28.54499223195144,77.2105798875502
TXN_B_2369,ACC_2002,DIST_221,2967.48,2026-01-06 06:29:32,f2b9c1,172.16.8.12,28.650840771844766,77.18532765377984
TXN_B_2382,ACC_2002,SUPP_148,2430.37,2026-01-06 10:53:46,f2b9c1,115.112.4.88,28.51690193287446,77.19736184108167
TXN_B_2575,ACC_2002,SUPP_138,3585.08,2026-01-06 11:55:18,a4d8e3,103.21.52.1,28.52900377220832,77.12219153768629
TXN_B_2220,ACC_2002,DIST_200,4007.3,2026-01-06 13:15:46,e5f2g7,115.112.4.88,28.64479881335261,77.29939237426152
TXN_B_2540,ACC_2002,DIST_248,8309.04,2026-01-06 14:42:53,a4d8e3,103.21.52.1,28.63783960284337,77.19341522803145
TXN_B_2602,ACC_2002,SUPP_140,4219.44,2026-01-06 15:31:43,e5f2g7,103.21.52.1,28.666150058573095,77.2313344904437
TXN_B_2434,ACC_2002,DIST_209,905.34,2026-01-06 15:56:04,f2b9c1,103.21.52.1,28.64327385569206,77.30848358737262
TXN_B_2263,ACC_2002,DIST_227,3735.86,2026-01-06 17:47:59,e5f2g7,172.16.8.12,28.57165533777403,77.30062721798245
TXN_B_2138,ACC_2002,DIST_219,3547.81,2026-01-06 20:51:40,e5f2g7,115.112.4.88,28.603827598502075,77.20400085276896
TXN_B_2091,ACC_2002,DIST_230,1594.45,2026-01-06 23:54:19,f2b9c1,103.21.52.1,28.57445324249643,77.16618094102344
TXN_B_2039,ACC_2002,SUPP_142,4521.79,2026-01-07 00:09:28,a4d8e3,115.112.4.88,28.69116254768051,77.18647588136152
TXN_B_2616,ACC_2002,SUPP_138,3563.47,2026-01-07 05:40:39,a4d8e3,115.112.4.88,28.70454459714657,77.29147381693801
TXN_B_2115,ACC_2002,SUPP_113,1465.13,2026-01-07 07:48:21,f2b9c1,115.112.4.88,28.52511020238241,77.28143980650654
TXN_B_2573,ACC_2002,SUPP_110,2152.21,2026-01-07 08:34:20,f2b9c1,172.16.8.12,28.584562640605334,77.3073823041481
TXN_B_2197,ACC_2002,SUPP_131,4328.68,2026-01-07 10:49:15,e5f2g7,172.16.8.12,28.62146843525139,77.25793104236615
TXN_B_2433,ACC_2002,DIST_212,3597.5,2026-01-07 12:02:25,f2b9c1,115.112.4.88,28.527838746870568,77.25911034508597
TXN_B_2267,ACC_2002,SUPP_114,1223.54,2026-01-07 14:14:33,e5f2g7,115.112.4.88,28.645499082450034,77.11642420463126
TXN_N_1030,ACC_1001,REC_5002,92.4,2026-01-07 18:31:43,d7a8e2,192.168.1.15,19.080883192031763,72.87192876086733
TXN_B_2292,ACC_2002,SUPP_135,4006.4,2026-01-07 19:13:28,f2b9c1,115.112.4.88,28.55924506789937,77.23451790849968
TXN_B_2339,ACC_2002,DIST_202,2089.58,2026-01-07 19:19:43,a4d8e3,103.21.52.1,28.684463188353277,77.15117198171568
TXN_B_2212,ACC_2002,SUPP_117,2565.02,2026-01-08 00:45:08,a4d8e3,172.16.8.12,28.57637717561622,77.24202766450787
TXN_B_2101,ACC_2002,DIST_202,12431.32,2026-01-08 02:17:18,a4d8e3,115.112.4.88,28.60100285650252,77.22537340159923
TXN_B_2192,ACC_2002,DIST_221,1279.5,2026-01-08 05:07:43,a4d8e3,115.112.4.88,28.571211422164204,77.30644686845363
TXN_B_2009,ACC_2002,DIST_219,3258.5,2026-01-08 07:28:53,f2b9c1,115.112.4.88,28.6678853086385,77.24104101327335
TXN_N_1035,ACC_1001,REC_5001,137.74,2026-01-08 08:56:06,d7a8e2,192.168.1.15,19.071951031429602,72.87695515760203
TXN_B_2345,ACC_2002,DIST_229,12097.42,2026-01-08 10:51:08,a4d8e3,103.21.52.1,28.672982279529872,77.29193871624794
TXN_B_2604,ACC_2002,DIST_222,4183.06,2026-01-08 13:09:08,a4d8e3,115.112.4.88,28.617488613308463,77.12774165692227
TXN_B_2341,ACC_2002,DIST_216,2376.17,2026-01-08 19:46:58,e5f2g7,103.21.52.1,28.62398415929219,77.11984245421314
TXN_B_2252,ACC_2002,DIST_215,10700.06,2026-01-08 20:32:20,e5f2g7,115.112.4.88,28.59920257735607,77.2307101131801
TXN_B_2399,ACC_2002,SUPP_149,2811.47,2026-01-08 22:53:07,a4d8e3,172.16.8.12,28.607919534797972,77.16636114721852
TXN_B_2018,ACC_2002,SUPP_108,12662.2,2026-01-09 04:11:40,f2b9c1,103.21.52.1,28.652245817350458,77.20021335922159
TXN_B_2477,ACC_2002,DIST_206,2777.98,2026-01-09 07:05:02,f2b9c1,115.112.4.88,28.61387305234409,77.23251565528669
TXN_B_2647,ACC_2002,DIST_236,2644.52,2026-01-09 13:04:13,a4d8e3,172.16.8.12,28.567944396828644,77.16035073500787
TXN_B_2459,ACC_2002,DIST_208,1415.67,2026-01-09 14:50:00,f2b9c1,103.21.52.1,28.527830098369762,77.12359013443562
TXN_B_2487,ACC_2002,SUPP_149,541.83,2026-01-09 19:32:35,e5f2g7,115.112.4.88,28.667406611597787,77.30829705318585
TXN_B_2203,ACC_2002,DIST_235,2552.42,2026-01-09 22:04:21,f2b9c1,103.21.52.1,28.564846013884164,77.20976339028665
TXN_N_1044,ACC_1001,REC_5001,113.76,2026-01-09 23:27:03,d7a8e2,192.168.1.15,19.079963314401358,72.87630826204594
TXN_B_2398,ACC_2002,DIST_248,1608.44,2026-01-10 02:19:01,f2b9c1,115.112.4.88,28.62056865283537,77.26898671325505
TXN_B_2185,ACC_2002,SUPP_144,1024.41,2026-01-10 02:39:08,f2b9c1,172.16.8.12,28.635833385670036,77.19105563635007
TXN_B_2447,ACC_2002,SUPP_142,8209.79,2026-01-10 06:42:22,e5f2g7,103.21.52.1,28.677198094830263,77.30356126468705
TXN_B_2291,ACC_2002,SUPP_112,2439.49,2026-01-10 16:03:41,f2b9c1,115.112.4.88,28.60499234219495,77.12803841254687
TXN_B_2590,ACC_2002,SUPP_106,13419.82,2026-01-10 16:31:08,f2b9c1,103.21.52.1,28.57445801065282,77.21890340582635
TXN_B_2618,ACC_2002,SUPP_117,1933.18,2026-01-10 18:40:00,f2b9c1,115.112.4.88,28.576891002440682,77.25853087607365
TXN_B_2638,ACC_2002,DIST_220,4739.61,2026-01-10 20:47:34,e5f2g7,103.21.52.1,28.51801746882441,77.26274295149314
TXN_B_2196,ACC_2002,DIST_227,1296.4,2026-01-11 00:04:46,e5f2g7,172.16.8.12,28.670833766389304,77.26152829117198
TXN_B_2230,ACC_2002,DIST_227,4156.98,2026-01-11 08:07:03,e5f2g7,115.112.4.88,28.554232738351832,77.25160492913209
TXN_B_2043,ACC_2002,SUPP_107,1037.88,2026-01-11 08:55:13,a4d8e3,103.21.52.1,28.617519207087575,77.24186171657311
TXN_B_2067,ACC_2002,SUPP_149,2284.72,2026-01-11 10:16:30,e5f2g7,172.16.8.12,28.61635048926392,77.25135823317633
TXN_N_1009,ACC_1001,REC_5003,149.88,2026-01-11 12:20:16,d7a8e2,192.168.1.15,19.08121694353913,72.87607210752034
TXN_B_2190,ACC_2002,SUPP_116,2742.33,2026-01-11 12:52:57,e5f2g7,115.112.4.88,28.705845765695233,77.21801819847926
TXN_B_2617,ACC_2002,SUPP_144,3944.18,2026-01-11 17:08:07,f2b9c1,115.112.4.88,28.552855177145386,77.15454654730745
TXN_B_2416,ACC_2002,DIST_231,2467.11,2026-01-11 18:38:28,a4d8e3,103.21.52.1,28.56644565167384,77.22438471010943
TXN_B_2479,ACC_2002,SUPP_139,1507.67,2026-01-11 21:19:04,a4d8e3,115.112.4.88,28.709195988625435,77.17791265542353
TXN_B_2393,ACC_2002,SUPP_120,1574.42,2026-01-11 21:35:43,a4d8e3,115.112.4.88,28.5590273688155,77.12299209624175
TXN_B_2545,ACC_2002,SUPP_119,4692.79,2026-01-11 22:41:49,e5f2g7,103.21.52.1,28.708765976768856,77.16910997041165
TXN_B_2162,ACC_2002,SUPP_108,1030.55,2026-01-12 03:03:21,e5f2g7,103.21.52.1,28.51807577892095,77.13566463447151
TXN_B_2001,ACC_2002,SUPP_117,3702.62,2026-01-12 04:16:12,f2b9c1,115.112.4.88,28.60942178943182,77.14507552849814
TXN_B_2548,ACC_2002,SUPP_107,8033.09,2026-01-12 05:21:30,a4d8e3,172.16.8.12,28.682751635116766,77.15406741518525
TXN_B_2152,ACC_2002,SUPP_107,11573.63,2026-01-12 08:05:04,f2b9c1,115.112.4.88,28.56520167575754,77.18079944285925
TXN_B_2363,ACC_2002,SUPP_117,6119.79,2026-01-12 09:05:52,f2b9c1,103.21.52.1,28.65625030194794,77.25417150519051
TXN_B_2512,ACC_2002,DIST_218,6030.09,2026-01-12 11:32:04,e5f2g7,103.21.52.1,28.593879484228413,77.11370418479214
TXN_B_2098,ACC_2002,DIST_213,3655.61,2026-01-12 13:16:50,e5f2g7,172.16.8.12,28.554807957766656,77.11287127286997
TXN_B_2148,ACC_2002,SUPP_115,13517.43,2026-01-12 14:27:42,f2b9c1,103.21.52.1,28.701203259989306,77.28298626592336
TXN_B_2593,ACC_2002,SUPP_143,7532.17,2026-01-12 14:57:35,e5f2g7,172.16.8.12,28.622236730888293,77.17649036506698
TXN_B_2297,ACC_2002,SUPP_136,846.26,2026-01-12 16:51:42,a4d8e3,103.21.52.1,28.710520383051485,77.29607491644708
TXN_B_2083,ACC_2002,SUPP_108,2130.73,2026-01-12 18:55:33,e5f2g7,103.21.52.1,28.539766327007452,77.1973052218009
TXN_B_2529,ACC_2002,DIST_213,8882.22,2026-01-12 19:08:08,a4d8e3,103.21.52.1,28.57941835542187,77.2147689636695
TXN_B_2300,ACC_2002,SUPP_103,4898.55,2026-01-12 21:20:26,a4d8e3,172.16.8.12,28.580622662290697,77.2724069658496
TXN_N_1013,ACC_1001,REC_5001,51.53,2026-01-12 22:08:54,d7a8e2,192.168.1.15,19.080361916214716,72.87129532687649
TXN_B_2086,ACC_2002,DIST_232,3668.24,2026-01-12 22:51:21,a4d8e3,103.21.52.1,28.626649127818173,77.15412813135289
TXN_B_2173,ACC_2002,SUPP_122,1564.19,2026-01-12 23:09:19,a4d8e3,103.21.52.1,28.65146268251765,77.12189267351056
TXN_B_2124,ACC_2002,DIST_245,14247.93,2026-01-13 00:52:31,a4d8e3,103.21.52.1,28.55781719283065,77.25932631888031
TXN_B_2248,ACC_2002,SUPP_116,5344.19,2026-01-13 00:52:40,e5f2g7,115.112.4.88,28.64019924705132,77.22017637670817
TXN_B_2179,ACC_2002,DIST_239,3739.03,2026-01-13 07:21:41,a4d8e3,115.112.4.88,28.52064446856658,77.29366165207475
TXN_B_2492,ACC_2002,DIST_221,2307.65,2026-01-13 08:27:43,e5f2g7,103.21.52.1,28.640452489158648,77.17053147399547
TXN_B_2088,ACC_2002,DIST_209,1971.44,2026-01-13 14:37:02,f2b9c1,115.112.4.88,28.536466504995765,77.11386080813693
TXN_B_2516,ACC_2002,DIST_243,1978.65,2026-01-13 18:41:19,e5f2g7,115.112.4.88,28.698910034697516,77.1547639898557
TXN_B_2357,ACC_2002,DIST_234,8666.5,2026-01-13 21:11:51,a4d8e3,103.21.52.1,28.64874710719017,77.17309306039671
TXN_B_2451,ACC_2002,DIST_218,2834.51,2026-01-14 04:40:22,a4d8e3,115.112.4.88,28.513963585625937,77.19589650782693
TXN_B_2075,ACC_2002,DIST_242,10829.04,2026-01-14 07:36:53,f2b9c1,115.112.4.88,28.60361327328641,77.25032763286904
TXN_B_2081,ACC_2002,DIST_235,3406.78,2026-01-14 13:37:32,a4d8e3,172.16.8.12,28.695094257778972,77.14294619604853
TXN_N_1023,ACC_1001,REC_5001,18.29,2026-01-14 14:07:36,d7a8e2,192.168.1.15,19.077331984498738,72.88368315649451
TXN_B_2163,ACC_2002,DIST_228,2623.72,2026-01-14 15:39:38,f2b9c1,172.16.8.12,28.53766543678623,77.22396461013582
TXN_B_2274,ACC_2002,SUPP_119,4933.16,2026-01-14 18:31:46,f2b9c1,103.21.52.1,28.618472152376462,77.27888410849182
TXN_N_1001,ACC_1001,REC_5001,117.85,2026-01-14 19:04:13,d7a8e2,192.168.1.15,19.0722342007717,72.87012745539658
TXN_B_2286,ACC_2002,SUPP_125,1210.56,2026-01-15 03:10:16,f2b9c1,172.16.8.12,28.53943981844424,77.17418542747376
TXN_B_2520,ACC_2002,DIST_248,1126.31,2026-01-15 03:14:35,e5f2g7,103.21.52.1,28.5951087129497,77.2858211121983
TXN_B_2503,ACC_2002,DIST_230,1602.91,2026-01-15 05:09:10,f2b9c1,115.112.4.88,28.704787020327235,77.11347552360137
TXN_B_2309,ACC_2002,DIST_226,13073.85,2026-01-15 06:47:17,e5f2g7,115.112.4.88,28.534906173172384,77.17716747124393
TXN_B_2275,ACC_2002,DIST_237,4966.18,2026-01-15 07:57:38,a4d8e3,115.112.4.88,28.56667425419396,77.16064653314616
TXN_B_2284,ACC_2002,DIST_212,3793.25,2026-01-15 10:44:15,e5f2g7,103.21.52.1,28.58426294188987,77.25863735685668
TXN_B_2521,ACC_2002,SUPP_141,3667.33,2026-01-15 12:26:35,a4d8e3,115.112.4.88,28.64510678384744,77.27229631588423
TXN_B_2471,ACC_2002,SUPP_132,2426.84,2026-01-15 16:18:17,f2b9c1,115.112.4.88,28.6637814764267,77.22541734110203
TXN_B_2204,ACC_2002,SUPP_132,3615.78,2026-01-15 19:08:03,e5f2g7,172.16.8.12,28.602095317949683,77.28296023975798
TXN_B_2601,ACC_2002,SUPP_103,5469.32,2026-01-15 22:58:58,a4d8e3,115.112.4.88,28.66612767435749,77.13030927732946
TXN_B_2133,ACC_2002,DIST_203,1373.79,2026-01-16 00:04:37,f2b9c1,103.21.52.1,28.64939818773929,77.22123546297644
TXN_B_2040,ACC_2002,DIST_218,4188.31,2026-01-16 00:05:01,f2b9c1,172.16.8.12,28.641085946605028,77.25801805239641
TXN_B_2620,ACC_2002,SUPP_109,6808.67,2026-01-16 00:29:31,f2b9c1,172.16.8.12,28.65774490979864,77.19982482136481
TXN_B_2605,ACC_2002,DIST_219,4140.29,2026-01-16 02:08:26,a4d8e3,172.16.8.12,28.52901050364184,77.22332448723476
TXN_B_2569,ACC_2002,DIST_201,2102.67,2026-01-16 02:37:17,f2b9c1,103.21.52.1,28.540111523249504,77.18738750642417
TXN_B_2557,ACC_2002,DIST_210,3083.05,2026-01-16 05:35:11,f2b9c1,103.21.52.1,28.709474267998228,77.17858860157708
TXN_B_2438,ACC_2002,SUPP_123,3356.14,2026-01-16 06:34:56,e5f2g7,115.112.4.88,28.624763577887112,77.16037069911239
TXN_B_2646,ACC_2002,SUPP_141,4940.73,2026-01-16 07:18:19,e5f2g7,172.16.8.12,28.53342602182413,77.17697117468637
TXN_B_2408,ACC_2002,SUPP_139,6354.5,2026-01-16 07:44:44,f2b9c1,172.16.8.12,28.542437500667692,77.19863792275862
TXN_B_2116,ACC_2002,SUPP_125,1512.14,2026-01-16 09:53:36,f2b9c1,103.21.52.1,28.701949665468288,77.20095264627538
TXN_B_2566,ACC_2002,DIST_218,14762.32,2026-01-16 11:25:31,e5f2g7,172.16.8.12,28.523232149104906,77.2662275795775
TXN_B_2530,ACC_2002,DIST_206,3026.2,2026-01-16 11:54:02,e5f2g7,172.16.8.12,28.603955369158818,77.21192655349921
TXN_B_2432,ACC_2002,SUPP_121,2349.07,2026-01-16 12:27:58,f2b9c1,103.21.52.1,28.527400289162923,77.20524308879772
TXN_B_2401,ACC_2002,DIST_202,2538.48,2026-01-16 13:05:44,e5f2g7,115.112.4.88,28.69423473783894,77.18100334778137
TXN_B_2436,ACC_2002,SUPP_142,2623.69,2026-01-16 13:18:48,a4d8e3,172.16.8.12,28.651045171606267,77.24567850572677
TXN_B_2543,ACC_2002,SUPP_132,5376.64,2026-01-16 14:38:56,a4d8e3,103.21.52.1,28.532739593140615,77.12006666616443
TXN_B_2229,ACC_2002,DIST_215,4030.42,2026-01-16 18:47:00,e5f2g7,172.16.8.12,28.582070166402968,77.2520473963992
TXN_B_2038,ACC_2002,DIST_233,3990.28,2026-01-16 19:28:29,e5f2g7,115.112.4.88,28.522209611289686,77.26041320900329
TXN_B_2225,ACC_2002,SUPP_141,3607.33,2026-01-17 00:24:21,e5f2g7,172.16.8.12,28.710837038167003,77.28544945320586
TXN_B_2140,ACC_2002,DIST_214,3489.19,2026-01-17 03:31:41,a4d8e3,115.112.4.88,28.619313193237577,77.24194743304759
TXN_B_2409,ACC_2002,SUPP_115,2400.01,2026-01-17 04:19:05,a4d8e3,115.112.4.88,28.515594094497274,77.29404926104164
TXN_B_2582,ACC_2002,SUPP_110,1740.35,2026-01-17 06:04:14,f2b9c1,172.16.8.12,28.70154742141244,77.20659405123898
TXN_B_2247,ACC_2002,SUPP_125,4146.93,2026-01-17 06:47:02,e5f2g7,103.21.52.1,28.537152975849974,77.263265387685
TXN_B_2223,ACC_2002,SUPP_101,11210.4,2026-01-17 11:27:20,a4d8e3,172.16.8.12,28.632809725559525,77.1920611578989
TXN_B_2136,ACC_2002,DIST_226,4169.51,2026-01-17 11:44:00,e5f2g7,103.21.52.1,28.577793627416852,77.23262187596552
TXN_B_2374,ACC_2002,DIST_233,2336.58,2026-01-17 11:48:43,f2b9c1,115.112.4.88,28.54942698823169,77.26941403545185
TXN_B_2426,ACC_2002,DIST_210,4891.0,2026-01-17 12:03:22,a4d8e3,103.21.52.1,28.61191030076848,77.28972653620262
TXN_B_2319,ACC_2002,DIST_217,7079.12,2026-01-17 12:19:54,a4d8e3,103.21.52.1,28.62648252984896,77.23602325139547
TXN_B_2535,ACC_2002,SUPP_126,4014.55,2026-01-17 12:32:32,a4d8e3,172.16.8.12,28.582767428271048,77.12592352544215
TXN_B_2028,ACC_2002,DIST_230,2012.87,2026-01-17 13:11:00,a4d8e3,172.16.8.12,28.60705038499652,77.19175209856
TXN_B_2541,ACC_2002,SUPP_108,3388.52,2026-01-17 14:28:33,f2b9c1,172.16.8.12,28.701497546715853,77.24796797085328
TXN_B_2094,ACC_2002,DIST_210,1292.16,2026-01-17 15:54:47,e5f2g7,172.16.8.12,28.642091615536987,77.27884593856929
TXN_B_2386,ACC_2002,SUPP_109,1015.08,2026-01-17 19:02:10,e5f2g7,172.16.8.12,28.704187975662204,77.11315314720068
TXN_B_2175,ACC_2002,DIST_241,1622.25,2026-01-17 20:46:54,f2b9c1,115.112.4.88,28.688458034053067,77.29904346151723
TXN_B_2448,ACC_2002,SUPP_117,3182.52,2026-01-18 02:49:24,e5f2g7,115.112.4.88,28.648654289682792,77.2790854225067
TXN_B_2118,ACC_2002,SUPP_110,3671.51,2026-01-18 03:42:47,e5f2g7,103.21.52.1,28.567349384225423,77.28175742507302
TXN_N_1011,ACC_1001,REC_5003,32.73,2026-01-18 03:47:27,d7a8e2,192.168.1.15,19.069423444350164,72.87170020163984
TXN_B_2442,ACC_2002,DIST_243,857.69,2026-01-18 07:45:12,a4d8e3,103.21.52.1,28.60337700490205,77.12358665818259
TXN_B_2123,ACC_2002,SUPP_127,3427.05,2026-01-18 14:58:52,a4d8e3,103.21.52.1,28.690831322947208,77.25391705792073
TXN_B_2627,ACC_2002,DIST_206,1445.62,2026-01-18 19:44:57,f2b9c1,172.16.8.12,28.682899904967126,77.22663329553079
TXN_B_2514,ACC_2002,DIST_232,3502.18,2026-01-18 20:49:45,f2b9c1,172.16.8.12,28.528716374618668,77.23069893274774
TXN_B_2607,ACC_2002,DIST_224,4482.63,2026-01-19 08:40:36,e5f2g7,115.112.4.88,28.586798765636864,77.14823583715959
TXN_B_2637,ACC_2002,SUPP_123,3096.76,2026-01-19 13:05:35,f2b9c1,172.16.8.12,28.639385246735802,77.1552426045119
TXN_B_2051,ACC_2002,DIST_208,4764.53,2026-01-19 13:08:47,e5f2g7,115.112.4.88,28.58514980475395,77.25179772471945
TXN_B_2311,ACC_2002,DIST_248,632.26,2026-01-19 15:27:28,a4d8e3,103.21.52.1,28.598469116559652,77.26406915197587
TXN_B_2572,ACC_2002,DIST_233,4355.66,2026-01-19 15:34:14,e5f2g7,103.21.52.1,28.62175648195569,77.15087084733025
TXN_B_2110,ACC_2002,DIST_239,4737.76,2026-01-19 20:58:58,a4d8e3,115.112.4.88,28.61732342823183,77.30387596678474
TXN_B_2244,ACC_2002,DIST_204,2700.11,2026-01-19 23:00:55,a4d8e3,103.21.52.1,28.57946556328827,77.2718664791893
TXN_B_2205,ACC_2002,SUPP_132,3562.14,2026-01-20 00:50:25,e5f2g7,115.112.4.88,28.700887416444495,77.10903812997805
TXN_B_2649,ACC_2002,DIST_236,1258.85,2026-01-20 01:35:34,a4d8e3,172.16.8.12,28.541918477905178,77.18931776217886
TXN_B_2480,ACC_2002,DIST_220,4925.52,2026-01-20 02:38:29,f2b9c1,115.112.4.88,28.523288095463386,77.16820765392656
TXN_B_2611,ACC_2002,SUPP_125,10449.79,2026-01-20 04:20:53,a4d8e3,172.16.8.12,28.61371589325165,77.17902213622177
TXN_B_2517,ACC_2002,DIST_210,2483.63,2026-01-20 04:21:32,f2b9c1,172.16.8.12,28.570536763189565,77.24569956739374
TXN_B_2090,ACC_2002,SUPP_118,2419.12,2026-01-20 06:12:56,f2b9c1,103.21.52.1,28.53090775957831,77.30357807366067
TXN_N_1000,ACC_1001,REC_5003,47.5,2026-01-20 10:47:48,d7a8e2,192.168.1.15,19.080025170500427,72.87688574673597
TXN_N_1039,ACC_1001,REC_5001,87.53,2026-01-20 14:17:03,d7a8e2,192.168.1.15,19.071991454520344,72.87157248614265
TXN_B_2164,ACC_2002,DIST_227,1256.15,2026-01-20 17:26:05,e5f2g7,115.112.4.88,28.538321909575693,77.2231882857827
TXN_N_1007,ACC_1001,REC_5002,142.35,2026-01-20 19:02:43,d7a8e2,192.168.1.15,19.07707035814367,72.88362878738673
TXN_B_2391,ACC_2002,DIST_223,4524.13,2026-01-21 00:39:31,a4d8e3,115.112.4.88,28.68352152334094,77.11545241513086
TXN_B_2105,ACC_2002,DIST_238,3423.88,2026-01-21 02:41:32,a4d8e3,172.16.8.12,28.627445494977803,77.22092893784806
TXN_B_2328,ACC_2002,DIST_224,2465.26,2026-01-21 04:15:55,a4d8e3,172.16.8.12,28.531618168080485,77.15870485775679
TXN_B_2544,ACC_2002,DIST_209,3659.28,2026-01-21 12:15:59,a4d8e3,115.112.4.88,28.55887381460997,77.11331659072563
TXN_B_2298,ACC_2002,SUPP_118,2620.11,2026-01-21 13:49:30,e5f2g7,172.16.8.12,28.628445977001956,77.17532674788987
TXN_B_2643,ACC_2002,SUPP_110,1070.68,2026-01-21 15:18:19,e5f2g7,115.112.4.88,28.569027291174578,77.20533241332298
TXN_B_2137,ACC_2002,DIST_243,2650.58,2026-01-21 15:22:13,a4d8e3,115.112.4.88,28.556892025549125,77.15910085893468
TXN_B_2430,ACC_2002,SUPP_134,7758.76,2026-01-21 16:05:01,e5f2g7,103.21.52.1,28.571065445741915,77.15153173235998
TXN_B_2383,ACC_2002,SUPP_129,11599.87,2026-01-21 19:00:03,e5f2g7,115.112.4.88,28.608849946515317,77.24468379383698
TXN_B_2266,ACC_2002,DIST_244,2179.68,2026-01-21 22:39:16,f2b9c1,115.112.4.88,28.69918534159843,77.14646629871234
TXN_B_2046,ACC_2002,SUPP_102,1645.78,2026-01-21 23:50:22,e5f2g7,115.112.4.88,28.68242423465889,77.12734650129227
TXN_B_2044,ACC_2002,DIST_233,4766.35,2026-01-22 04:21:04,f2b9c1,172.16.8.12,28.613834320036986,77.2961428148659
TXN_B_2457,ACC_2002,DIST_245,3580.75,2026-01-22 04:35:34,a4d8e3,115.112.4.88,28.64167603395255,77.25895311814395
TXN_B_2026,ACC_2002,SUPP_110,2950.92,2026-01-22 07:20:57,e5f2g7,172.16.8.12,28.573140146845407,77.16697313963671
TXN_B_2303,ACC_2002,SUPP_144,4581.56,2026-01-22 10:21:36,f2b9c1,115.112.4.88,28.663429616508996,77.21944307979027
TXN_B_2087,ACC_2002,DIST_226,1221.65,2026-01-22 10:22:32,f2b9c1,103.21.52.1,28.54607518851449,77.30095894753623
TXN_B_2324,ACC_2002,DIST_234,2217.91,2026-01-22 13:21:26,a4d8e3,103.21.52.1,28.625684646940027,77.12416936129566
TXN_B_2221,ACC_2002,DIST_209,2917.64,2026-01-22 14:13:09,a4d8e3,115.112.4.88,28.670556721168374,77.28467840232214
TXN_B_2332,ACC_2002,DIST_235,1940.91,2026-01-22 14:20:21,a4d8e3,103.21.52.1,28.580877271483065,77.28031334968429
TXN_N_1020,ACC_1001,REC_5003,134.76,2026-01-22 17:52:51,d7a8e2,192.168.1.15,19.07829596275262,72.88370074780346
TXN_B_2576,ACC_2002,SUPP_120,3128.23,2026-01-22 18:41:55,a4d8e3,103.21.52.1,28.59871815457894,77.25311544723938
TXN_B_2315,ACC_2002,SUPP_114,4630.69,2026-01-22 22:46:38,e5f2g7,103.21.52.1,28.701078364937338,77.19838705858228
TXN_B_2066,ACC_2002,DIST_208,4114.12,2026-01-22 23:48:34,e5f2g7,172.16.8.12,28.647882007080664,77.11673262828839
TXN_B_2313,ACC_2002,SUPP_122,3288.57,2026-01-23 03:17:04,e5f2g7,103.21.52.1,28.57373576914022,77.18328269032313
TXN_B_2254,ACC_2002,DIST_228,5611.21,2026-01-23 04:04:34,e5f2g7,115.112.4.88,28.547830987786323,77.15287600071744
TXN_B_2167,ACC_2002,SUPP_130,13410.54,2026-01-23 06:18:38,a4d8e3,172.16.8.12,28.59091904891273,77.20623940028399
TXN_B_2020,ACC_2002,SUPP_146,2273.55,2026-01-23 06:21:34,e5f2g7,115.112.4.88,28.648550319899343,77.19508759801596
TXN_B_2034,ACC_2002,DIST_245,4151.21,2026-01-23 06:52:58,f2b9c1,103.21.52.1,28.55628186637025,77.19372991483773
TXN_B_2012,ACC_2002,DIST_242,1496.22,2026-01-23 12:36:32,e5f2g7,103.21.52.1,28.548092837403313,77.25471267210135
TXN_B_2322,ACC_2002,DIST_216,2323.57,2026-01-23 14:46:37,f2b9c1,172.16.8.12,28.663087675107615,77.25149093489955
TXN_B_2591,ACC_2002,DIST_213,2039.56,2026-01-23 15:50:48,a4d8e3,172.16.8.12,28.71217796761636,77.24488990735306
TXN_B_2559,ACC_2002,SUPP_145,1015.73,2026-01-23 17:29:49,a4d8e3,115.112.4.88,28.579089435873613,77.27958641944574
TXN_N_1026,ACC_1001,REC_5002,11.32,2026-01-23 18:52:49,d7a8e2,192.168.1.15,19.082975076154707,72.86915546919771
TXN_B_2210,ACC_2002,SUPP_123,4367.51,2026-01-24 00:31:16,f2b9c1,103.21.52.1,28.59567206751996,77.1757274629966
TXN_B_2330,ACC_2002,SUPP_101,2603.94,2026-01-24 01:19:33,e5f2g7,103.21.52.1,28.566635641253697,77.17161721749956
TXN_B_2338,ACC_2002,DIST_221,4472.56,2026-01-24 01:25:16,e5f2g7,115.112.4.88,28.59242310942181,77.246455405238
TXN_B_2358,ACC_2002,SUPP_149,846.89,2026-01-24 01:33:57,a4d8e3,103.21.52.1,28.708254015439955,77.19148455741917
TXN_B_2103,ACC_2002,DIST_246,3444.97,2026-01-24 02:53:56,f2b9c1,103.21.52.1,28.602150724441856,77.13492106355383
TXN_B_2378,ACC_2002,SUPP_133,5631.27,2026-01-24 03:20:11,a4d8e3,103.21.52.1,28.685801163303505,77.11980923945124
TXN_B_2340,ACC_2002,DIST_244,10005.43,2026-01-24 03:41:04,e5f2g7,172.16.8.12,28.522751387054086,77.28955665025487
TXN_N_1046,ACC_1001,REC_5001,213.07,2026-01-24 04:24:29,d7a8e2,192.168.1.15,19.070904165942064,72.86784957173091
TXN_B_2429,ACC_2002,SUPP_141,1807.92,2026-01-24 04:32:51,f2b9c1,172.16.8.12,28.61634832574837,77.30506806784469
TXN_B_2053,ACC_2002,SUPP_149,1134.64,2026-01-24 05:49:59,a4d8e3,172.16.8.12,28.64486548086611,77.27782259453969
TXN_N_1037,ACC_1001,REC_5002,52.09,2026-01-24 09:39:18,d7a8e2,192.168.1.15,19.08573785644924,72.88680169259911
TXN_B_2120,ACC_2002,SUPP_145,4193.15,2026-01-24 10:36:27,f2b9c1,172.16.8.12,28.523200452039315,77.18848368044264
TXN_B_2458,ACC_2002,SUPP_118,3748.74,2026-01-24 16:08:08,a4d8e3,103.21.52.1,28.67467726783521,77.29743277613649
TXN_B_2488,ACC_2002,SUPP_138,563.37,2026-01-24 16:47:21,a4d8e3,172.16.8.12,28.514677722372898,77.17168430825792
TXN_B_2125,ACC_2002,SUPP_116,4268.44,2026-01-24 16:55:12,f2b9c1,172.16.8.12,28.68262921223144,77.23320645749413
TXN_B_2410,ACC_2002,DIST_207,4745.33,2026-01-24 18:44:10,e5f2g7,103.21.52.1,28.538093115091,77.29622819148992
TXN_B_2377,ACC_2002,DIST_207,4037.28,2026-01-24 22:54:40,e5f2g7,172.16.8.12,28.609529955075374,77.26775080998719
TXN_B_2427,ACC_2002,DIST_224,2636.28,2026-01-24 23:08:36,e5f2g7,103.21.52.1,28.529062439215735,77.12176161735985
TXN_N_1008,ACC_1001,REC_5001,46.74,2026-01-25 00:11:21,d7a8e2,192.168.1.15,19.069933067048613,72.88450682212945
TXN_B_2595,ACC_2002,SUPP_138,685.85,2026-01-25 00:40:57,a4d8e3,115.112.4.88,28.682975407786174,77.18519091403272
TXN_B_2472,ACC_2002,DIST_244,2963.56,2026-01-25 05:38:00,e5f2g7,115.112.4.88,28.53769635709416,77.30881897329108
TXN_B_2305,ACC_2002,SUPP_139,1749.57,2026-01-25 08:57:56,f2b9c1,103.21.52.1,28.51614899393291,77.29024858673037
TXN_B_2525,ACC_2002,SUPP_119,2308.01,2026-01-25 09:02:50,f2b9c1,115.112.4.88,28.569729747718412,77.14887239013689
TXN_B_2385,ACC_2002,SUPP_138,579.01,2026-01-25 11:56:51,f2b9c1,172.16.8.12,28.692666276998786,77.2329701721006
TXN_B_2506,ACC_2002,DIST_215,2308.17,2026-01-25 12:30:58,f2b9c1,115.112.4.88,28.610268726497214,77.18320765450522
TXN_B_2509,ACC_2002,DIST_237,2486.47,2026-01-25 12:51:02,f2b9c1,172.16.8.12,28.6283628940691,77.29828010946527
TXN_B_2414,ACC_2002,SUPP_147,776.08,2026-01-25 13:26:23,e5f2g7,115.112.4.88,28.680314646333375,77.29294424468698
TXN_B_2592,ACC_2002,DIST_206,1779.0,2026-01-25 16:38:53,e5f2g7,103.21.52.1,28.610103742464442,77.13852590671256
TXN_B_2537,ACC_2002,DIST_208,1856.39,2026-01-25 17:03:06,f2b9c1,103.21.52.1,28.64268552731895,77.20765567152408
TXN_B_2337,ACC_2002,DIST_220,1467.18,2026-01-25 17:43:34,f2b9c1,115.112.4.88,28.661980956208176,77.2898178641386
TXN_B_2209,ACC_2002,DIST_240,2803.74,2026-01-26 04:38:17,e5f2g7,103.21.52.1,28.611283322928895,77.18810808373556
TXN_B_2584,ACC_2002,SUPP_124,8456.59,2026-01-26 10:35:12,f2b9c1,115.112.4.88,28.533198559616274,77.19900805266593
TXN_B_2078,ACC_2002,DIST_233,13017.7,2026-01-26 11:05:03,e5f2g7,172.16.8.12,28.58235656721138,77.27916698371746
TXN_B_2100,ACC_2002,DIST_234,2448.7,2026-01-26 11:32:30,a4d8e3,115.112.4.88,28.665114743035982,77.16434387747678
TXN_B_2307,ACC_2002,DIST_206,2206.4,2026-01-26 17:34:36,f2b9c1,103.21.52.1,28.651272110046964,77.19784397994127
TXN_B_2257,ACC_2002,SUPP_139,13518.46,2026-01-26 18:37:51,f2b9c1,115.112.4.88,28.69550767735782,77.24239629041315
TXN_B_2024,ACC_2002,SUPP_143,2084.08,2026-01-26 18:46:15,e5f2g7,103.21.52.1,28.551453223193857,77.11018510929848
TXN_B_2636,ACC_2002,DIST_224,4301.07,2026-01-26 19:33:45,e5f2g7,103.21.52.1,28.643002668616564,77.30480955066703
TXN_B_2444,ACC_2002,DIST_209,2960.69,2026-01-26 21:34:30,e5f2g7,103.21.52.1,28.551200142019383,77.20834542462602
TXN_N_1024,ACC_1001,REC_5003,161.6,2026-01-26 22:06:55,d7a8e2,192.168.1.15,19.081084938523038,72.886172158091
TXN_B_2285,ACC_2002,DIST_206,4603.18,2026-01-26 23:56:38,e5f2g7,172.16.8.12,28.64766053323491,77.15112012030745
TXN_B_2259,ACC_2002,SUPP_147,3694.98,2026-01-27 01:09:32,f2b9c1,172.16.8.12,28.69752728426514,77.18043099667963
TXN_B_2325,ACC_2002,DIST_243,1207.49,2026-01-27 01:31:57,e5f2g7,115.112.4.88,28.587232472532918,77.29446063968986
TXN_B_2476,ACC_2002,SUPP_121,2975.42,2026-01-27 03:17:06,e5f2g7,103.21.52.1,28.626547303857215,77.14394252313497
TXN_B_2031,ACC_2002,SUPP_138,2415.39,2026-01-27 04:22:49,a4d8e3,115.112.4.88,28.605513726167622,77.21635615315773
TXN_B_2017,ACC_2002,SUPP_133,3254.56,2026-01-27 06:17:13,f2b9c1,115.112.4.88,28.5557169996995,77.26932957066948
TXN_B_2468,ACC_2002,DIST_209,4459.7,2026-01-27 07:02:38,a4d8e3,172.16.8.12,28.70979078492263,77.27022350938088
TXN_B_2610,ACC_2002,SUPP_102,13003.43,2026-01-27 08:26:59,a4d8e3,115.112.4.88,28.58097520418924,77.23889375606053
TXN_B_2079,ACC_2002,DIST_222,9161.46,2026-01-27 12:58:48,f2b9c1,172.16.8.12,28.57685695303337,77.24595096186138
TXN_B_2561,ACC_2002,SUPP_128,563.28,2026-01-27 14:29:45,a4d8e3,172.16.8.12,28.616742316370548,77.18998097073906
TXN_B_2269,ACC_2002,DIST_221,790.94,2026-01-27 14:49:53,f2b9c1,115.112.4.88,28.570050395150144,77.26772270970196
TXN_B_2419,ACC_2002,SUPP_128,4334.94,2026-01-27 16:56:24,f2b9c1,172.16.8.12,28.609749095644574,77.17529604803038
TXN_N_1043,ACC_1001,REC_5002,171.32,2026-01-27 17:18:55,d7a8e2,192.168.1.15,19.085370951262853,72.87075902044063
TXN_B_2367,ACC_2002,SUPP_107,14638.45,2026-01-27 19:38:11,f2b9c1,172.16.8.12,28.52763974899929,77.27887975214603
TXN_B_2425,ACC_2002,SUPP_141,3792.53,2026-01-27 23:48:35,a4d8e3,103.21.52.1,28.604175601936465,77.14089228718188
TXN_B_2095,ACC_2002,DIST_219,3898.05,2026-01-28 02:28:35,f2b9c1,172.16.8.12,28.703440522437173,77.14768116727303
TXN_B_2134,ACC_2002,DIST_219,4184.0,2026-01-28 04:10:01,f2b9c1,103.21.52.1,28.59018037096836,77.23521970207594
TXN_B_2437,ACC_2002,DIST_221,2705.65,2026-01-28 11:28:07,f2b9c1,172.16.8.12,28.650514497357143,77.30253751345515
TXN_B_2231,ACC_2002,SUPP_115,4559.52,2026-01-28 12:52:38,a4d8e3,103.21.52.1,28.704354819862274,77.16210961484468
TXN_B_2370,ACC_2002,SUPP_110,1219.38,2026-01-28 14:04:02,e5f2g7,115.112.4.88,28.546065959394937,77.26921301451925
TXN_B_2323,ACC_2002,SUPP_104,1270.4,2026-01-28 16:40:59,e5f2g7,103.21.52.1,28.674560996396547,77.20007640554648
TXN_B_2368,ACC_2002,DIST_243,2082.2,2026-01-28 17:56:31,f2b9c1,103.21.52.1,28.67921186640572,77.29653567855043
TXN_B_2142,ACC_2002,DIST_211,5550.0,2026-01-29 00:15:36,e5f2g7,103.21.52.1,28.576998937660708,77.18204087915647
TXN_N_1018,ACC_1001,REC_5002,218.29,2026-01-29 01:32:20,d7a8e2,192.168.1.15,19.07105173640716,72.87382847649283
TXN_B_2183,ACC_2002,DIST_225,4177.31,2026-01-29 04:03:55,e5f2g7,103.21.52.1,28.601458231608426,77.17051894721624
TXN_B_2277,ACC_2002,DIST_209,2147.23,2026-01-29 07:31:38,a4d8e3,172.16.8.12,28.671041752207135,77.27352264982025
TXN_B_2612,ACC_2002,DIST_202,2302.95,2026-01-29 07:33:55,f2b9c1,103.21.52.1,28.61362253862668,77.29787286943927
TXN_B_2411,ACC_2002,DIST_228,3368.06,2026-01-29 10:19:11,a4d8e3,172.16.8.12,28.666097402869216,77.22933615280303
TXN_B_2265,ACC_2002,SUPP_145,1952.16,2026-01-29 11:41:56,f2b9c1,103.21.52.1,28.658945148664838,77.13903341742912
TXN_B_2014,ACC_2002,SUPP_133,1000.6,2026-01-29 14:02:38,e5f2g7,115.112.4.88,28.571756641547175,77.28520273895177
TXN_B_2089,ACC_2002,SUPP_104,1602.72,2026-01-29 14:10:33,e5f2g7,115.112.4.88,28.587849969500493,77.14095408845483
TXN_B_2578,ACC_2002,DIST_230,2765.51,2026-01-29 14:52:10,e5f2g7,103.21.52.1,28.584592467786734,77.24486867442293
TXN_N_1014,ACC_1001,REC_5003,171.52,2026-01-29 15:52:55,d7a8e2,192.168.1.15,19.069721042131803,72.87178160998072
TXN_B_2154,ACC_2002,SUPP_100,14085.13,2026-01-29 16:46:35,f2b9c1,103.21.52.1,28.678772425134575,77.12243513236321
TXN_B_2446,ACC_2002,SUPP_149,4016.1,2026-01-29 17:06:53,e5f2g7,103.21.52.1,28.517929948382392,77.30257094302048
TXN_B_2381,ACC_2002,SUPP_116,7662.84,2026-01-29 20:00:06,a4d8e3,172.16.8.12,28.566422859988595,77.22630378274461
TXN_B_2241,ACC_2002,DIST_205,5755.52,2026-01-29 20:29:50,a4d8e3,115.112.4.88,28.710429065267338,77.27329363316944
TXN_B_2258,ACC_2002,SUPP_114,4545.78,2026-01-29 21:51:44,e5f2g7,172.16.8.12,28.69287353081825,77.30469418547854
TXN_B_2346,ACC_2002,SUPP_136,4053.71,2026-01-30 02:51:31,e5f2g7,172.16.8.12,28.56909359361957,77.20434903162717
TXN_B_2080,ACC_2002,SUPP_128,2811.78,2026-01-30 02:52:02,a4d8e3,103.21.52.1,28.64089736509701,77.15884714118219
TXN_B_2351,ACC_2002,SUPP_147,6923.29,2026-01-30 06:27:30,a4d8e3,172.16.8.12,28.625574859474675,77.1489948961331
TXN_B_2420,ACC_2002,SUPP_141,13690.12,2026-01-30 07:16:05,e5f2g7,103.21.52.1,28.52551135695499,77.22105644234553
TXN_B_2490,ACC_2002,DIST_217,1717.15,2026-01-30 07:56:56,e5f2g7,103.21.52.1,28.64687611185499,77.16534326040542
TXN_B_2523,ACC_2002,DIST_222,1533.29,2026-01-30 08:37:35,f2b9c1,115.112.4.88,28.56401287703834,77.12362154008477
TXN_N_1004,ACC_1001,REC_5003,141.44,2026-01-30 10:04:05,d7a8e2,192.168.1.15,19.068168064906224,72.87889334479515
TXN_N_1036,ACC_1001,REC_5002,13.73,2026-01-30 10:54:21,d7a8e2,192.168.1.15,19.079866806967818,72.8876041744248
TXN_B_2023,ACC_2002,SUPP_102,12680.55,2026-01-30 11:38:59,a4d8e3,115.112.4.88,28.608318733728776,77.16326082109721
TXN_B_2453,ACC_2002,SUPP_135,3495.46,2026-01-30 12:40:12,e5f2g7,115.112.4.88,28.698199569053635,77.2430981820232
